,LINE,ROOT,PATTERN,PATTERN_ABSTRACT,DEFINE,CLASS,BW,LEMMA,FORM,GLOSS,COND-T,COND-S,D3SEG,D3TOK,D2SEG,D2TOK,D1SEG,D1TOK,ATBSEG,ATBTOK,UD,CATIB6,FEAT,POS,FEAT_OLD,STATUS,COMMENTS,NOTES,#CLASS
0,1,m.r.>,NTWS,NTWS,LEXICON,[STEM-ACCUSATIVE],NOUN,{imoru&,{imor,man,MS||MD,#a>,,,,,,,,,NOUN,NOM,pos:noun gen:- num:- rat:r cas:a,noun,pos:noun gen:- num:- rat:r cas:a,,,,[STEM-NOM]
1,2,m.r.>,NTWS,NTWS,LEXICON,[STEM-GENITIVE],NOUN,{imoru&,{imori},man,MS||MD,,,,,,,,,,NOUN,NOM,pos:noun gen:- num:- rat:r cas:g,noun,pos:noun gen:- num:- rat:r cas:g,,,,[STEM-NOM]
2,3,m.r.>,NTWS,NTWS,LEXICON,[STEM-NOMINATIVE],NOUN,{imoru&,{imor,man,MS||MD,#u&,,,,,,,,,NOUN,NOM,pos:noun gen:- num:- rat:r cas:n,noun,pos:noun gen:- num:- rat:r cas:n,,,,[STEM-NOM]
3,4,m.r.>,NTWS,NTWS,LEXICON,[STEM-ACCUSATIVE],NOUN_PROP,{imoru&,{imor,man,MS||MD,#a>,,,,,,,,,PROPN,NOM,pos:noun_prop gen:- num:- rat:r cas:a,noun_prop,pos:noun_prop gen:- num:- rat:r cas:a,,,,[STEM-NOM]
4,5,m.r.>,NTWS,NTWS,LEXICON,[STEM-GENITIVE],NOUN_PROP,{imoru&,{imori},man,MS||MD,,,,,,,,,,PROPN,NOM,pos:noun_prop gen:- num:- rat:r cas:g,noun_prop,pos:noun_prop gen:- num:- rat:r cas:g,,,,[STEM-NOM]
5,6,m.r.>,NTWS,NTWS,LEXICON,[STEM-NOMINATIVE],NOUN_PROP,{imoru&,{imor,man,MS||MD,#u&,,,,,,,,,PROPN,NOM,pos:noun_prop gen:- num:- rat:r cas:n,noun_prop,pos:noun_prop gen:- num:- rat:r cas:n,,,,[STEM-NOM]
6,7,s.m.y,NTWS,NTWS,LEXICON,[STEM-CONJ],bi/PREP+{isom/NOUN+i/CASE_DEF_GEN,{isom,bisomi,in/by_the_name_of,,,bi+_somi,bi+_{isomi,bi+_somi,bi+_{isomi,,,bi+_somi,bi+_{isomi,ADP+NOUN,PRT+NOM,pos:noun prc1:bi_prep gen:m num:s stt:c cas:g,noun,pos:noun prc1:bi_prep gen:m num:s stt:c cas:g,,,,[STEM-NOM]
7,8,*.w.y,NTWS,NTWS,LEXICON,[STEM-CONJ-PREP],ABBREV,*,*,DH.;25th,,,,,,,,,,,NOUN,NOM,pos:abbrev,abbrev,pos:abbrev,,,,[STEM-BASE]
8,9,*.w.y,NTWS,NTWS,LEXICON,[STEM-CONJ-PREP],DEM_PRON_MS,*a`lika,*a`lika,that;those,,,,,,,,,,,DET,NOM,pos:pron_dem rat:n gen:m num:s cas:u stt:i,pron_dem,pos:pron_dem rat:n gen:m num:s cas:u stt:i,,,,[STEM-BASE]
9,10,*.w.y,NTWS,NTWS,LEXICON,[STEM-CONJ-PREP],DEM_PRON_F,*a`lika,tiloka,that;those,,,,,,,,,,,DET,NOM,pos:pron_dem rat:n gen:f num:s cas:u stt:i,pron_dem,pos:pron_dem rat:n gen:f num:s cas:u stt:i,,,,[STEM-BASE]
10,11,*.w.y,NTWS,NTWS,LEXICON,[STEM-CONJ-PREP],DEM_PRON_MP,*a`lika,*a`likum%m,that;those,,,,,,,,,,,DET,NOM,pos:pron_dem rat:n gen:m num:p cas:u stt:i,pron_dem,pos:pron_dem rat:n gen:m num:p cas:u stt:i,,,,[STEM-BASE]
11,12,*.w.y,NTWS,NTWS,LEXICON,[STEM-CONJ-PREP],DEM_PRON_FS,*a`lika,tilokum%m,that;those,,,,,,,,,,,DET,NOM,pos:pron_dem rat:n gen:f num:s cas:u stt:i,pron_dem,pos:pron_dem rat:n gen:f num:s cas:u stt:i,,,,[STEM-BASE]
12,13,*.w.y,NTWS,NTWS,LEXICON,[STEM-CONJ-PREP],DEM_PRON_D,*a`lika,*a`likumaA,that;those,,,,,,,,,,,DET,NOM,pos:pron_dem rat:n gen:- num:d cas:u stt:i,pron_dem,pos:pron_dem rat:n gen:- num:d cas:u stt:i,,,,[STEM-BASE]
13,14,*.w.y,NTWS,NTWS,LEXICON,[STEM-CONJ-PREP],DEM_PRON_MS,*a`lika,*a`likun~a,that;those,,,,,,,,,,,DET,NOM,pos:pron_dem rat:n gen:f num:p cas:u stt:i,pron_dem,pos:pron_dem rat:n gen:f num:p cas:u stt:i,,,,[STEM-BASE]
14,15,*.w.y,NTWS,NTWS,LEXICON,[STEM-CONJ-PREP],DEM_PRON_MS,*aA,*aA,this;that;these;those,,,,,,,,,,,DET,NOM,pos:pron_dem rat:n gen:m num:s cas:u stt:i,pron_dem,pos:pron_dem rat:n gen:m num:s cas:u stt:i,,,,[STEM-BASE]
15,16,*.w.y,NTWS,NTWS,LEXICON,[STEM-CONJ],DEM_PRON_MD,*aA,*aAna,this;that;these;those,,,,,,,,,,,DET,NOM,pos:pron_dem rat:n gen:m num:d cas:n stt:i,pron_dem,pos:pron_dem rat:n gen:m num:d cas:n stt:i,,,,[STEM-BASE]
16,17,*.w.y,NTWS,NTWS,LEXICON,[STEM-CONJ-PREP],DEM_PRON_MD,*aA,*ayna,this;that;these;those,,,,,,,,,,,DET,NOM,pos:pron_dem rat:n gen:m num:d cas:g stt:i,pron_dem,pos:pron_dem rat:n gen:m num:d cas:g stt:i,,,,[STEM-BASE]
17,18,*.w.y,NTWS,NTWS,LEXICON,[STEM-CONJ],DEM_PRON_MD,*aA,*ayna,this;that;these;those,,,,,,,,,,,DET,NOM,pos:pron_dem rat:n gen:m num:d cas:a stt:i,pron_dem,pos:pron_dem rat:n gen:m num:d cas:a stt:i,,,,[STEM-BASE]
18,19,*.w.y,NTWS,NTWS,LEXICON,[STEM-CONJ],DEM_PRON_FD,*aA,taAni,this;that;these;those,,,,,,,,,,,DET,NOM,pos:pron_dem rat:n gen:f num:d cas:n stt:i,pron_dem,pos:pron_dem rat:n gen:f num:d cas:n stt:i,,,,[STEM-BASE]
19,20,*.w.y,NTWS,NTWS,LEXICON,[STEM-CONJ],DEM_PRON_FD,*aA,tayoni,this;that;these;those,,,,,,,,,,,DET,NOM,pos:pron_dem rat:n gen:f num:d cas:a stt:i,pron_dem,pos:pron_dem rat:n gen:f num:d cas:a stt:i,,,,[STEM-BASE]
20,21,*.w.y,NTWS,NTWS,LEXICON,[STEM-CONJ-PREP],DEM_PRON_FD,*aA,tayoni,this;that;these;those,,,,,,,,,,,DET,NOM,pos:pron_dem rat:n gen:f num:d cas:g stt:i,pron_dem,pos:pron_dem rat:n gen:f num:d cas:g stt:i,,,,[STEM-BASE]
21,22,*.w.y,NTWS,NTWS,LEXICON,[STEM-CONJ],DEM_PRON_FS,*aA,tiy,this;that;these;those,,,,,,,,,,,DET,NOM,pos:pron_dem rat:n gen:f num:s cas:u stt:i,pron_dem,pos:pron_dem rat:n gen:f num:s cas:u stt:i,,,,[STEM-BASE]
22,23,*.w.y,NTWS,NTWS,LEXICON,[STEM-CONJ],DEM_PRON_MD,*aAka,*aAnika,those;that,,,,,,,,,,,DET,NOM,pos:pron_dem rat:n gen:m num:d cas:n stt:i,pron_dem,pos:pron_dem rat:n gen:m num:d cas:n stt:i,,,,[STEM-BASE]
23,24,*.w.y,NTWS,NTWS,LEXICON,[STEM-CONJ-PREP],DEM_PRON_MS,*aAka,*aAka,those;that,,,,,,,,,,,DET,NOM,pos:pron_dem rat:n gen:m num:s cas:u stt:i,pron_dem,pos:pron_dem rat:n gen:m num:s cas:u stt:i,,,,[STEM-BASE]
24,25,*.w.y,NTWS,NTWS,LEXICON,[STEM-CONJ],DEM_PRON_MD,*aAka,*aynika,those;that,,,,,,,,,,,DET,NOM,pos:pron_dem rat:n gen:m num:d cas:a stt:i,pron_dem,pos:pron_dem rat:n gen:m num:d cas:a stt:i,,,,[STEM-BASE]
25,26,*.w.y,NTWS,NTWS,LEXICON,[STEM-CONJ-PREP],DEM_PRON_MD,*aAka,*aynika,those;that,,,,,,,,,,,DET,NOM,pos:pron_dem rat:n gen:m num:d cas:g stt:i,pron_dem,pos:pron_dem rat:n gen:m num:d cas:g stt:i,,,,[STEM-BASE]
26,27,*.w.y,NTWS,NTWS,LEXICON,[STEM-CONJ],DEM_PRON_FS,*aAka,taAka,those;that,,,,,,,,,,,DET,NOM,pos:pron_dem rat:n gen:f num:s cas:n stt:i,pron_dem,pos:pron_dem rat:n gen:f num:s cas:n stt:i,,,,[STEM-BASE]
27,28,*.w.y,NTWS,NTWS,LEXICON,[STEM-CONJ],DEM_PRON_FD,*aAka,taAnika,those;that,,,,,,,,,,,DET,NOM,pos:pron_dem rat:n gen:f num:d cas:n stt:i,pron_dem,pos:pron_dem rat:n gen:f num:d cas:n stt:i,,,,[STEM-BASE]
28,29,*.w.y,NTWS,NTWS,LEXICON,[STEM-CONJ],DEM_PRON_FD,*aAka,tayonika,those;that,,,,,,,,,,,DET,NOM,pos:pron_dem rat:n gen:f num:d cas:a stt:i,pron_dem,pos:pron_dem rat:n gen:f num:d cas:a stt:i,,,,[STEM-BASE]
29,30,*.w.y,NTWS,NTWS,LEXICON,[STEM-CONJ-PREP],DEM_PRON_FD,*aAka,tayonika,those;that,,,,,,,,,,,DET,NOM,pos:pron_dem rat:n gen:f num:d cas:g stt:i,pron_dem,pos:pron_dem rat:n gen:f num:d cas:g stt:i,,,,[STEM-BASE]
30,31,*.w.y,NTWS,NTWS,LEXICON,[STEM-CONJ],DEM_PRON_FS,*aAka,tiyka,those;that,,,,,,,,,,,DET,NOM,pos:pron_dem rat:n gen:f num:s cas:a stt:i,pron_dem,pos:pron_dem rat:n gen:f num:s cas:a stt:i,,,,[STEM-BASE]
31,32,*.w.y,NTWS,NTWS,LEXICON,[STEM-CONJ-PREP],DEM_PRON_FS,*aAka,tiyka,those;that,,,,,,,,,,,DET,NOM,pos:pron_dem rat:n gen:f num:s cas:g stt:i,pron_dem,pos:pron_dem rat:n gen:f num:s cas:g stt:i,,,,[STEM-BASE]
32,33,*.w.y,NTWS,NTWS,LEXICON,[STEM-CONST],NOUN,*uw,*aAt,of;with,MS,,,,,,,,,,NOUN,NOM,pos:noun gen:f num:- rat:i stt:c,noun,pos:noun gen:f num:- rat:i stt:c,,,,
33,34,*.w.y,NTWS,NTWS,LEXICON,[STEM-CONST],NOUN,*uw,*aw,of;with,MD||MP||FP,,,,,,,,,,NOUN,NOM,pos:noun gen:- num:- rat:i stt:c,noun,pos:noun gen:- num:- rat:i stt:c,,,,
34,35,*.w.y,NTWS,NTWS,LEXICON,[STEM-CONST],NOUN,*uw,*,of;with,MS,Five-nouns,,,,,,,,,NOUN,NOM,pos:noun gen:- num:- rat:i stt:c,noun,pos:noun gen:- num:- rat:i stt:c,,,,
35,36,NTWS,NTWS,NTWS,LEXICON,[STEM-CONJ-PREP],ABBREV,<i,<i,I.,,,,,,,,,,,NOUN,NOM,pos:abbrev,abbrev,pos:abbrev,,,,[STEM-BASE]
36,37,NTWS,NTWS,NTWS,LEXICON,[STEM-CONJ],ADV,<i*~aAka,<i*~aAka,then,,,,,,,,,,,ADV,NOM,pos:adv stt:i cas:u,adv,pos:adv stt:i cas:u,,,,[STEM-BASE]
37,38,NTWS,NTWS,NTWS,LEXICON,[STEM-CONJ],PART,<i*aA,<i*aA,suddenly,,,,,,,,,,,PART,PRT,pos:part,part,pos:part,,,,[STEM-BASE]
38,39,NTWS,NTWS,NTWS,LEXICON,[STEM-CONJ],SUB_CONJ,<i*aA,<i*aA,"If,_whether,_when,_whenever",,,,,,,,,,,SCONJ,PRT,pos:conj_sub,conj_sub,pos:conj_sub,,,,[STEM-BASE]
39,40,NTWS,NTWS,NTWS,LEXICON,[STEM-CONJ],ADV,<i*aAF,<i*aAF,Therefore;hence;then;so;in_that_case;thus;consequently;accordingly,,,,,,,,,,,ADV,NOM,pos:adv stt:i cas:u,adv,pos:adv stt:i cas:u,,,,[STEM-BASE]
40,41,NTWS,NTWS,NTWS,LEXICON,[STEM-CONJ],ADV,<i*ano,<i*ano,hence_so,,,,,,,,,,,ADV,NOM,pos:adv stt:i cas:u,adv,pos:adv stt:i cas:u,,,,[STEM-BASE]
41,42,NTWS,NTWS,NTWS,LEXICON,[STEM-CONJ],PART,<i*o,<i*o,Then;and_then;as;when;while;(and)_suddenly;(and)_all_of_a_sudden,,,,,,,,,,,PART,PRT,pos:part,part,pos:part,,,,[STEM-BASE]
42,43,NTWS,NTWS,NTWS,LEXICON,[STEM-CONJ],SUB_CONJ,<i*o,<i*o,Then;and_then;as;when;while;(and)_suddenly;(and)_all_of_a_sudden,,,,,,,,,,,SCONJ,PRT,pos:conj_sub,conj_sub,pos:conj_sub,,,,[STEM-BASE]
43,44,NTWS,NTWS,NTWS,LEXICON,[STEM-CONJ-PREP],ABBREV,<if,<if,F.,,,,,,,,,,,NOUN,NOM,pos:abbrev,abbrev,pos:abbrev,,,,[STEM-BASE]
44,45,NTWS,NTWS,NTWS,LEXICON,[STEM-CONJ-PREP],ABBREV,<il,<il,L.,,,,,,,,,,,NOUN,NOM,pos:abbrev,abbrev,pos:abbrev,,,,[STEM-BASE]
45,46,NTWS,NTWS,NTWS,LEXICON,[STEM-CONJ],PREP,<il~aA,<il~aA,except_for,,,,,,,,,,,ADP,PRT,pos:prep,prep,pos:prep,,,,[STEM-BASE]
46,47,NTWS,NTWS,NTWS,LEXICON,[STEM-CONJ],RESTRIC_PART,<il~aA,<il~aA,except_for,,,,,,,,,,,PART,PRT,pos:part_restrict,part_restrict,pos:part_restrict,,,,[STEM-BASE]
47,48,NTWS,NTWS,NTWS,LEXICON,[STEM-CONJ],PREP,<ilaY,<ilaY,to;towards,,,,,,,,,,,ADP,PRT,pos:prep,prep,pos:prep,,,,[STEM-BASE]
48,49,NTWS,NTWS,NTWS,LEXICON,[STEM-CONJ-PRON],PREP,<ilaY,<ilayo,to;towards,enc0,C:ay#,,,,,,,,,ADP,PRT,pos:prep,prep,pos:prep,,,,[STEM-BASE]
49,50,NTWS,NTWS,NTWS,LEXICON,[STEM-CONJ-PREP],ABBREV,<im,<im,M.,,,,,,,,,,,NOUN,NOM,pos:abbrev,abbrev,pos:abbrev,,,,[STEM-BASE]
50,51,NTWS,NTWS,NTWS,LEXICON,[STEM-CONJ],CONJ,<im~aA,<im~aA,Either;whether;if,,,,,,,,,,,CCONJ,PRT,pos:conj,conj,pos:conj,,,,[STEM-BASE]
51,52,NTWS,NTWS,NTWS,LEXICON,[STEM-CONJ-PREP],ABBREV,<in,<in,N.,,,,,,,,,,,NOUN,NOM,pos:abbrev,abbrev,pos:abbrev,,,,[STEM-BASE]
52,53,NTWS,NTWS,NTWS,LEXICON,[STEM-CONJ-PREP],<in~/PSEUDO_VERB+niy/PRON_1S,<in~a,<in~iy,indeed,,,<in~_+iy,<in~a_+niy,,,,,<in~_+iy,<in~a_+niy,CCONJ+PRON,PRT+NOM,pos:verb_pseudo enc0:1s_pron,verb_pseudo,pos:verb_pseudo enc0:1s_pron,,,,[STEM-BASE]
53,54,NTWS,NTWS,NTWS,LEXICON,[STEM-CONJ-PREP],<in~/PSEUDO_VERB+naA/PRON_1P,<in~a,<in~aA,indeed,,,<in~_+aA,<in~a_+naA,,,,,<in~_+aA,<in~a_+naA,CCONJ+PRON,PRT+NOM,pos:verb_pseudo enc0:1p_pron,verb_pseudo,pos:verb_pseudo enc0:1p_pron,,,,[STEM-BASE]
54,55,NTWS,NTWS,NTWS,LEXICON,[STEM],PSEUDO_VERB,<in~a,<in~a,indeed,!PRON-iy,,,,,,,,,,CCONJ,PRT,pos:verb_pseudo,verb_pseudo,pos:verb_pseudo,,,,[STEM-BASE]
55,56,NTWS,NTWS,NTWS,LEXICON,[STEM-CONJ],<in~a/PSEUDO_VERB+maA/REL_PRON,<in~a,<in~amaA,indeed_that,,,<in~a_+maA,<in~a_+maA,,,,,<in~a_+maA,<in~a_+maA,CCONJ+PRON,PRT+NOM,pos:verb_pseudo enc0:mA_rel,verb_pseudo,pos:verb_pseudo enc0:mA_rel,,,,[STEM-COMPOUND]
56,57,NTWS,NTWS,NTWS,LEXICON,[STEM-CONJ-PRON],la/EMPHATIC_PART+<in~a/PSEUDO_VERB,<in~a,la}in~a,definitely+indeed,,,la+_}in~a,la+_<in~a,la+_}in~a,la+_<in~a,,,la+_}in~a,la+_<in~a,PART+CCONJ,PRT+PRT,pos:verb_pseudo prc1:la_emph,verb_pseudo,pos:verb_pseudo prc1:la_emph,,,,[STEM-COMPOUND]
57,58,NTWS,NTWS,NTWS,LEXICON,[STEM-CONJ],RESTRIC_PART,<in~amaA,<in~amaA,but_rather;indeed,,,,,,,,,,,PART,PRT,pos:part_restrict,part_restrict,pos:part_restrict,,,,[STEM-BASE]
58,59,NTWS,NTWS,NTWS,LEXICON,[STEM-CONJ],SUB_CONJ,<ino,<ino,Although;(even)_though;even_if;despite;in_spite_of_the_fact_that;verily;truly,,,,,,,,,,,SCONJ,PRT,pos:conj_sub,conj_sub,pos:conj_sub,,,,[STEM-BASE]
59,60,NTWS,NTWS,NTWS,LEXICON,[STEM-CONJ],la/EMPHATIC_PART+<ino/SUB_CONJ,<ino,la}ino,indeed+if,,,la+_}in,la+_<ino,la+_}in,la+_<ino,,,la+_}in,la+_<ino,PART+SCONJ,PRT+PRT,pos:conj_sub prc1:la_emph,conj_sub,pos:conj_sub prc1:la_emph,,,,[STEM-COMPOUND]
60,61,NTWS,NTWS,NTWS,LEXICON,[STEM-CONJ-PREP],ABBREV,<is,<is,S.,,,,,,,,,,,NOUN,NOM,pos:abbrev,abbrev,pos:abbrev,,,,[STEM-BASE]
61,62,NTWS,NTWS,NTWS,LEXICON,[STEM-CONJ-PREP],ABBREV,<it$,<it$,H.,,,,,,,,,,,NOUN,NOM,pos:abbrev,abbrev,pos:abbrev,,,,[STEM-BASE]
62,63,NTWS,NTWS,NTWS,LEXICON,[STEM-CONJ-PREP],ABBREV,<iy,<iy,E.,,,,,,,,,,,NOUN,NOM,pos:abbrev,abbrev,pos:abbrev,,,,[STEM-BASE]
63,64,NTWS,NTWS,NTWS,LEXICON,[STEM-CONJ-PRON],PART,<iy~aA,<iy~aA,to;for,,,,,,,,,,,PART,PRT,pos:part,part,pos:part,,,,[STEM-BASE]
64,65,NTWS,NTWS,NTWS,LEXICON,[STEM-CONJ-PREP],ABBREV,<iyh,<iyh,A.,,,,,,,,,,,NOUN,NOM,pos:abbrev,abbrev,pos:abbrev,,,,[STEM-BASE]
65,66,NTWS,NTWS,NTWS,LEXICON,[STEM-CONJ-PREP],ABBREV,>a,>a,A.;1st,,,,,,,,,,,NOUN,NOM,pos:abbrev,abbrev,pos:abbrev,,,,[STEM-BASE]
66,67,NTWS,NTWS,NTWS,LEXICON,[STEM-CONJ],INTERROG_PART,>a,>a,does;is;are;do,,,,,,,,,,,PART,PRT,pos:part_interrog,part_interrog,pos:part_interrog,CHECK,Should we allow prep here?,,[STEM-BASE]
67,68,NTWS,NTWS,NTWS,LEXICON,[STEM-CONJ],VOC_PART,>a,>a,hey,,,,,,,,,,,PART,PRT,pos:part_voc,part_voc,pos:part_voc,,,,[STEM-BASE]
68,69,NTWS,NTWS,NTWS,LEXICON,[STEM-CONJ-PREP],ABBREV,>af,>af,A.F.,,,,,,,,,,,NOUN,NOM,pos:abbrev,abbrev,pos:abbrev,,,,[STEM-BASE]
69,70,NTWS,NTWS,NTWS,LEXICON,[STEM-CONJ-PREP],INTERJ,>ah,>ah,ah!;ouch!,,,,,,,,,,,INTJ,PRT,pos:interj,interj,pos:interj,,,,[STEM-BASE]
70,71,NTWS,NTWS,NTWS,LEXICON,[STEM-CONJ-PREP],INTERJ,>ajal,>ajal,yes;indeed;certainly,,,,,,,,,,,INTJ,PRT,pos:interj,interj,pos:interj,,,,[STEM-BASE]
71,72,NTWS,NTWS,NTWS,LEXICON,[STEM-CONJ-PREP],PART,>alaA,>alaA,namely;i.e.,,,,,,,,,,,PART,PRT,pos:part,part,pos:part,,,,[STEM-BASE]
72,73,NTWS,NTWS,NTWS,LEXICON,[STEM-CONJ-PREP],INTERJ,>aluw,>aluw,hello,,,,,,,,,,,INTJ,PRT,pos:interj,interj,pos:interj,,,,[STEM-BASE]
73,74,NTWS,NTWS,NTWS,LEXICON,[STEM-CONJ],FOCUS_PART,>am~aA,>am~aA,"As_to;as_for;as_far_as_he_(she,_it,_..etc)_is_concerned;but;however;yet;on_the_other_hand",,,,,,,,,,,PART,PRT,pos:part_focus,part_focus,pos:part_focus,,,,[STEM-BASE]
74,75,NTWS,NTWS,NTWS,LEXICON,[STEM-CONJ],CONJ,>amo,>amo,or,,,,,,,,,,,CCONJ,PRT,pos:conj,conj,pos:conj,,,,[STEM-BASE]
75,76,NTWS,NTWS,NTWS,LEXICON,[STEM-CONJ-PREP],>an~/SUB_CONJ+niy/PRON_1S,>an~a,>an~iy,that,,,>an~_+iy,>an~a_+niy,,,,,>an~_+iy,>an~a_+niy,SCONJ+PRON,PRT+NOM,pos:conj_sub enc0:1s_pron,conj_sub,pos:conj_sub enc0:1s_pron,,,,[STEM-BASE]
76,77,NTWS,NTWS,NTWS,LEXICON,[STEM-CONJ-PREP],>an~/SUB_CONJ+naA/PRON_1P,>an~a,>an~aA,that,,,>an~_+aA,>an~a_+naA,,,,,>an~_+aA,>an~a_+naA,SCONJ+PRON,PRT+NOM,pos:conj_sub enc0:1p_pron,conj_sub,pos:conj_sub enc0:1p_pron,,,,[STEM-BASE]
77,78,NTWS,NTWS,NTWS,LEXICON,[STEM],SUB_CONJ,>an~a,>an~a,that,!PRON-iy,,,,,,,,,,SCONJ,PRT,pos:conj_sub,conj_sub,pos:conj_sub,,,,[STEM-BASE]
78,79,NTWS,NTWS,NTWS,LEXICON,[STEM-CONJ-PREP],>an~a/SUB_CONJ+maA/REL_PRON,>an~a,>an~amaA,that,,,>an~a_+maA,>an~a_+maA,,,,,>an~a_+maA,>an~a_+maA,SCONJ+PRON,PRT+NOM,pos:conj_sub enc0:mA_rel,conj_sub,pos:conj_sub enc0:mA_rel,,,,[STEM-COMPOUND]
79,80,NTWS,NTWS,NTWS,LEXICON,[STEM-CONJ-PREP],SUB_CONJ,>an~amaA,>an~amaA,that,,,,,,,,,,,SCONJ,PRT,pos:conj_sub,conj_sub,pos:conj_sub,,,,[STEM-BASE]
80,81,NTWS,NTWS,NTWS,LEXICON,[STEM-CONJ-PREP],INTERROG_ADV,>an~aY,>an~aY,where?;how?;however,,,,,,,,,,,ADV,NOM,pos:adv_interrog,adv_interrog,pos:part_interrog,,,,[STEM-BASE]
81,82,NTWS,NTWS,NTWS,LEXICON,[STEM-CONJ-PREP],REL_ADV,>an~aY,>an~aY,wherever;however,,,,,,,,,,,ADV,NOM,pos:adv_rel stt:i cas:u,adv_rel,pos:adv_rel stt:i cas:u,,,,[STEM-BASE]
82,83,NTWS,NTWS,NTWS,LEXICON,[STEM-CONJ],PRON_1S,>anaA,>anaA,I,,,,,,,,,,,PRON,NOM,pos:pron per:1 gen:m num:s stt:d cas:n rat:r,pron,pos:pron per:1 gen:m num:s stt:d cas:n rat:r,,,,[STEM-BASE]
83,84,NTWS,NTWS,NTWS,LEXICON,[STEM-CONJ],haA/DEM_PRON+>anaA/PRON_1S,>anaA,haA>anaA,here_I_am;this+I,,,haA+_>anaA,haA+_>anaA,haA+_>anaA,haA+_>anaA,,,haA+_>anaA,haA+_>anaA,DET+PRON,NOM+NOM,pos:pron prc1:hA_dem per:1 gen:m num:s stt:d cas:n rat:r,pron,pos:pron prc1:hA_dem per:1 gen:m num:s stt:d cas:n rat:r,,,,[STEM-COMPOUND]
84,85,NTWS,NTWS,NTWS,LEXICON,[STEM-CONJ-PREP],>ano/SUB_CONJ+laA/NEG_PART,>ano,>al~aA,that/to_not,!li/PREP,,>a_+l~aA,>ano_+laA,,,,,>a_+l~aA,>ano_+laA,SCONJ+PART,PRT+PRT,pos:conj_sub enc0:lA_neg,conj_sub,pos:conj_sub enc0:lA_neg,,,أن الناصبة (المصدرية),[STEM-COMPOUND]
85,86,NTWS,NTWS,NTWS,LEXICON,[STEM-CONJ-PREP],>ano/SUB_CONJ+laA/NEG_PART,>ano,}al~aA,that/to_not,li/PREP,,}a_+l~aA,>ano_+laA,,,,,}a_+l~aA,>ano_+laA,SCONJ+PART,PRT+PRT,pos:conj_sub enc0:lA_neg,conj_sub,pos:conj_sub enc0:lA_neg,,,أن الناصبة (المصدرية),[STEM-COMPOUND]
86,87,NTWS,NTWS,NTWS,LEXICON,[STEM-CONJ-PREP],SUB_CONJ,>ano,>ano,that;to,,,,,,,,,,,SCONJ,PRT,pos:conj_sub,conj_sub,pos:conj_sub,,,أن الناصبة (المصدرية),[STEM-BASE]
87,88,NTWS,NTWS,NTWS,LEXICON,[STEM-CONJ],PRON_2MS,>anota,>anota,you,,,,,,,,,,,PRON,NOM,pos:pron per:2 gen:m num:s stt:d cas:n rat:r,pron,pos:pron per:2 gen:m num:s stt:d cas:n rat:r,,,,[STEM-BASE]
88,89,NTWS,NTWS,NTWS,LEXICON,[STEM-CONJ],haA/DEM_PRON+>anota/PRON_2MS,>anota,haA>anota,there_you_are;this+you,,,haA+_>anota,haA+_>anota,haA+_>anota,haA+_>anota,,,haA+_>anota,haA+_>anota,DET+PRON,NOM+NOM,pos:pron prc1:hA_dem per:2 gen:m num:s stt:d cas:n rat:r,pron,pos:pron prc1:hA_dem per:2 gen:m num:s stt:d cas:n rat:r,,,,[STEM-COMPOUND]
89,90,NTWS,NTWS,NTWS,LEXICON,[STEM-CONJ],PRON_2FS,>anoti,>anoti,you,,,,,,,,,,,PRON,NOM,pos:pron per:2 gen:f num:s stt:d cas:n rat:r,pron,pos:pron per:2 gen:f num:s stt:d cas:n rat:r,,,,[STEM-BASE]
90,91,NTWS,NTWS,NTWS,LEXICON,[STEM-CONJ],haA/DEM_PRON+>anoti/PRON_2FS,>anoti,haA>anoti,there_you_are;this+you,,,haA+_>anoti,haA+_>anoti,haA+_>anoti,haA+_>anoti,,,haA+_>anoti,haA+_>anoti,DET+PRON,NOM+NOM,pos:pron prc1:hA_dem per:2 gen:f num:s stt:d cas:n rat:r,pron,pos:pron prc1:hA_dem per:2 gen:f num:s stt:d cas:n rat:r,,,,[STEM-COMPOUND]
91,92,NTWS,NTWS,NTWS,LEXICON,[STEM-CONJ],PRON_2D,>anotumaA,>anotumaA,you_both,,,,,,,,,,,PRON,NOM,pos:pron per:2 gen:m num:d stt:d cas:n rat:r,pron,pos:pron per:2 gen:m num:d stt:d cas:n rat:r,,,,[STEM-BASE]
92,93,NTWS,NTWS,NTWS,LEXICON,[STEM-CONJ],haA/DEM_PRON+>anotumaA/PRON_2D,>anotumaA,haA>anotumaA,there_you_both_are;this+you,,,haA+_>anotumaA,haA+_>anotumaA,haA+_>anotumaA,haA+_>anotumaA,,,haA+_>anotumaA,haA+_>anotumaA,DET+PRON,NOM+NOM,pos:pron prc1:hA_dem per:2 gen:m num:d stt:d cas:n rat:r,pron,pos:pron prc1:hA_dem per:2 gen:m num:d stt:d cas:n rat:r,,,,[STEM-COMPOUND]
93,94,NTWS,NTWS,NTWS,LEXICON,[STEM-CONJ],PRON_2MP,>anotum,>anotum%m,you,,,,,,,,,,,PRON,NOM,pos:pron per:2 gen:m num:p stt:d cas:n rat:r,pron,pos:pron per:2 gen:m num:p stt:d cas:n rat:r,,,,[STEM-BASE]
94,95,NTWS,NTWS,NTWS,LEXICON,[STEM-CONJ],haA/DEM_PRON+>anotum/PRON_2MP,>anotum,haA>anotum%m,there_you_are;this+you,,,haA+_>anotum%m,haA+_>anotum,haA+_>anotum%m,haA+_>anotum,,,haA+_>anotum%m,haA+_>anotum,DET+PRON,NOM+NOM,pos:pron prc1:hA_dem per:2 gen:m num:p stt:d cas:n rat:r,pron,pos:pron prc1:hA_dem per:2 gen:m num:p stt:d cas:n rat:r,,,,[STEM-COMPOUND]
95,96,NTWS,NTWS,NTWS,LEXICON,[STEM-CONJ],PRON_2FP,>anotun~a,>anotun~a,you,,,,,,,,,,,PRON,NOM,pos:pron per:2 gen:f num:p stt:d cas:n rat:r,pron,pos:pron per:2 gen:f num:p stt:d cas:n rat:r,,,,[STEM-BASE]
96,97,NTWS,NTWS,NTWS,LEXICON,[STEM-CONJ],haA/DEM_PRON+>anotun~a/PRON_2FP,>anotun~a,haA>anotun~a,there_you_are;this+you,,,haA+_>anotun~a,haA+_>anotun~a,haA+_>anotun~a,haA+_>anotun~a,,,haA+_>anotun~a,haA+_>anotun~a,DET+PRON,NOM+NOM,pos:pron prc1:hA_dem per:2 gen:f num:p stt:d cas:n rat:r,pron,pos:pron prc1:hA_dem per:2 gen:f num:p stt:d cas:n rat:r,,,,[STEM-COMPOUND]
97,98,NTWS,NTWS,NTWS,LEXICON,[STEM-CONJ-PREP],ABBREV,>ar,>ar,R.,,,,,,,,,,,NOUN,NOM,pos:abbrev,abbrev,pos:abbrev,,,,[STEM-BASE]
98,99,r.b.E,NTWS,NTWS,LEXICON,[STEM-ACCUSATIVE],NOUN,>arobaEami}ap,>arobaEami},four-hundred,FS,X100,,,,,,,,,NOUN,NOM,pos:noun gen:- num:- rat:i cas:a,noun,pos:noun gen:- num:- rat:i cas:a,,,,
99,100,r.b.E,NTWS,NTWS,LEXICON,[STEM-GENITIVE],NOUN,>arobaEami}ap,>arobaEimi},four-hundred,FS,X100,,,,,,,,,NOUN,NOM,pos:noun gen:- num:- rat:r cas:g,noun,pos:noun gen:- num:- rat:r cas:g,,,,
100,101,r.b.E,NTWS,NTWS,LEXICON,[STEM-NOMINATIVE],NOUN,>arobaEami}ap,>arobaEumi},four-hundred,FS,X100,,,,,,,,,NOUN,NOM,pos:noun gen:- num:- rat:r cas:n,noun,pos:noun gen:- num:- rat:r cas:n,,,,
101,102,r.b.E,NTWS,NTWS,LEXICON,[STEM-ACCUSATIVE],NOUN,>arobaEamiA}ap,>arobaEamiA},four-hundred,FS,X100,,,,,,,,,NOUN,NOM,pos:noun gen:- num:- rat:i cas:a,noun,pos:noun gen:- num:- rat:i cas:a,,,,
102,103,r.b.E,NTWS,NTWS,LEXICON,[STEM-GENITIVE],NOUN,>arobaEamiA}ap,>arobaEimiA},four-hundred,FS,X100,,,,,,,,,NOUN,NOM,pos:noun gen:- num:- rat:r cas:g,noun,pos:noun gen:- num:- rat:r cas:g,,,,
103,104,r.b.E,NTWS,NTWS,LEXICON,[STEM-NOMINATIVE],NOUN,>arobaEamiA}ap,>arobaEumiA},four-hundred,FS,X100,,,,,,,,,NOUN,NOM,pos:noun gen:- num:- rat:r cas:n,noun,pos:noun gen:- num:- rat:r cas:n,,,,
104,105,NTWS,NTWS,NTWS,LEXICON,[STEM-CONJ-PREP],INTERJ,>aw~ah,>aw~ah,oh!,,,,,,,,,,,INTJ,PRT,pos:interj,interj,pos:interj,,,,[STEM-BASE]
105,106,NTWS,NTWS,NTWS,LEXICON,[STEM-CONJ-PREP],INTERJ,>aw~ah,>uw~aAh,oh!,,,,,,,,,,,INTJ,PRT,pos:interj,interj,pos:interj,,,,[STEM-BASE]
106,107,NTWS,NTWS,NTWS,LEXICON,[STEM-CONJ],CONJ,>awo,>awo,Or;if_not;unless;except_if;except_when,,,,,,,,,,,CCONJ,PRT,pos:conj,conj,pos:conj,,,,[STEM-BASE]
107,108,NTWS,NTWS,NTWS,LEXICON,[STEM-CONJ-PREP],ABBREV,>ay,>ay,A.###I.,,,,,,,,,,,NOUN,NOM,pos:abbrev,abbrev,pos:abbrev,,,,[STEM-BASE]
108,109,NTWS,NTWS,NTWS,LEXICON,[STEM-CONST],INTERROG_PRON,>ay~,>ay~,which,MS||FS,,,,,,,,,,PRON,NOM,pos:pron_interrog gen:- num:s,pron_interrog,pos:part_interrog gen:- num:s,,,,[STEM-NOM]
109,110,NTWS,NTWS,NTWS,LEXICON,[STEM-CONST],REL_PRON,>ay~,>ay~,which,MS||FS,,,,,,,,,,PRON,NOM,pos:pron_rel gen:- num:s,pron_rel,pos:pron_rel gen:- num:s,,,,[STEM-NOM]
110,111,NTWS,NTWS,NTWS,LEXICON,[STEM-CONJ-PREP],>ay~/REL_PRON+AF/CASE_INDEF_ACC,>ay~,>ay~aAF,whatever;whichever,,,,,,,,,,,PRON,NOM,pos:pron_rel gen:- num:s,pron_rel,pos:pron_rel gen:- num:s,,,,[STEM-NOM]
111,112,NTWS,NTWS,NTWS,LEXICON,[STEM-CONJ-PREP],INTERROG_ADV,>ay~aAna,>ay~aAna,where,,,,,,,,,,,ADV,NOM,pos:adv_interrog,adv_interrog,pos:part_interrog,,,,[STEM-BASE]
112,113,NTWS,NTWS,NTWS,LEXICON,[STEM-CONJ-PREP],REL_ADV,>ay~aAna,>ay~aAna,where,,,,,,,,,,,ADV,NOM,pos:adv_rel stt:i cas:u,adv_rel,pos:adv_rel stt:i cas:u,,,,[STEM-BASE]
113,114,NTWS,NTWS,NTWS,LEXICON,[STEM-CONJ],>ay~/NOUN+a/CASE_INDEF_ACC+maA/REL_PRON,>ay~amaA,>ay~amaA,every;much,,,>ay~a_+maA,>ay~a_+maA,,,,,>ay~a_+maA,>ay~a_+maA,NOUN+PRON,NOM+NOM,pos:noun gen:m num:s enc0:mA_rel stt:c cas:a,noun,pos:noun gen:m num:s enc0:mA_rel stt:c cas:a,,Check,,[STEM-COMPOUND]
114,115,NTWS,NTWS,NTWS,LEXICON,[STEM-CONJ],VOC_PART,>ay~atuhaA,>ay~tuhaA,O;oh,,,,,,,,,,,PART,PRT,pos:part_voc,part_voc,pos:part_voc,,,,[STEM-BASE]
115,116,NTWS,NTWS,NTWS,LEXICON,[STEM-CONJ],VOC_PART,>ay~uhaA,>ay~uhaA,O;oh,,,,,,,,,,,PART,PRT,pos:part_voc,part_voc,pos:part_voc,,,,[STEM-BASE]
116,117,NTWS,NTWS,NTWS,LEXICON,[STEM-CONJ],VOC_PART,>ayaA,>ayaA,Hey,,,,,,,,,,,PART,PRT,pos:part_voc,part_voc,pos:part_voc,,,,[STEM-BASE]
117,118,NTWS,NTWS,NTWS,LEXICON,[STEM-CONJ-PREP],PART,>ayo,>ayo,that_is_to_say,,,,,,,,,,,PART,PRT,pos:part,part,pos:part,,,,[STEM-BASE]
118,119,NTWS,NTWS,NTWS,LEXICON,[STEM-CONJ-PREP],VOC_PART,>ayo,>ayo,O;oh,,,,,,,,,,,PART,PRT,pos:part_voc,part_voc,pos:part_voc,,,,[STEM-BASE]
119,120,NTWS,NTWS,NTWS,LEXICON,[STEM-CONJ],ADV,>ayoDaAF,>ayoDaAF,also;too;as_well_(as);along_with;in_addition_(to),,,,,,,,,,,ADV,NOM,pos:adv stt:i cas:u,adv,pos:adv stt:i cas:u,,,,[STEM-BASE]
120,121,NTWS,NTWS,NTWS,LEXICON,[STEM-CONJ-PREP],INTERROG_ADV,>ayona,>ayona,where,,,,,,,,,,,ADV,NOM,pos:adv_interrog,adv_interrog,pos:part_interrog,,,,[STEM-BASE]
121,122,NTWS,NTWS,NTWS,LEXICON,[STEM-CONJ-PREP],REL_ADV,>ayona,>ayona,where,,,,,,,,,,,ADV,NOM,pos:adv_rel gen:u num:u stt:i cas:u,adv_rel,pos:adv_rel gen:u num:u stt:i cas:u,,,,[STEM-BASE]
122,123,NTWS,NTWS,NTWS,LEXICON,[STEM-CONJ],REL_ADV,>ayonamaA,>ayonamaA,wherever;wheresoever;anywhere,,,,,,,,,,,ADV,NOM,pos:adv_rel stt:i cas:u,adv_rel,pos:adv_rel stt:i cas:u,,,,[STEM]
123,124,NTWS,NTWS,NTWS,LEXICON,[STEM-CONJ-PREP],ABBREV,>b,>b,A.P.,,,,,,,,,,,NOUN,NOM,pos:abbrev,abbrev,pos:abbrev,,,,[STEM-BASE]
124,125,NTWS,NTWS,NTWS,LEXICON,[STEM-CONJ-PREP],ABBREV,>fb,>fb,A.F.P.,,,,,,,,,,,NOUN,NOM,pos:abbrev,abbrev,pos:abbrev,,,,[STEM-BASE]
125,126,NTWS,NTWS,NTWS,LEXICON,[STEM-CONJ-PREP],ABBREV,>lx,<lx,etc.,,,,,,,,,,,NOUN,NOM,pos:abbrev,abbrev,pos:abbrev,,,,[STEM-BASE]
126,127,NTWS,NTWS,NTWS,LEXICON,[STEM-CONJ-PREP],ABBREV,>lx,>lx,etc.,,,,,,,,,,,NOUN,NOM,pos:abbrev,abbrev,pos:abbrev,,,,[STEM-BASE]
127,128,NTWS,NTWS,NTWS,LEXICON,[STEM-CONJ-PREP],ABBREV,>lx,|lx,etc.,,,,,,,,,,,NOUN,NOM,pos:abbrev,abbrev,pos:abbrev,,,,[STEM-BASE]
128,129,NTWS,NTWS,NTWS,LEXICON,[STEM-CONJ-PREP],INTERJ,>uHayolaY,>uHayolaY,how_sweet!,,,,,,,,,,,INTJ,PRT,pos:interj,interj,pos:interj,,,,[STEM-BASE]
129,130,NTWS,NTWS,NTWS,LEXICON,[STEM],NOUN,>uluw,>uluw,those,,,,,,,,,,,NOUN,NOM,pos:noun gen:m num:p stt:i cas:u,noun,pos:noun gen:m num:p stt:i cas:u,CHECK,Should it not take case/stt/rat?,,[STEM]
130,131,NTWS,NTWS,NTWS,LEXICON,[STEM-CONJ-PREP],INTERJ,>um,>um,um_(filled_pause),,,,,,,,,,,INTJ,PRT,pos:interj,interj,pos:interj,,,,[STEM-BASE]
131,132,NTWS,NTWS,NTWS,LEXICON,[STEM-CONJ-PREP],ABBREV,>uw,>uw,O.,,,,,,,,,,,NOUN,NOM,pos:abbrev,abbrev,pos:abbrev,,,,[STEM-BASE]
132,133,NTWS,NTWS,NTWS,LEXICON,[STEM],DEM_PRON_P,>uwlaA'i,>uwlaA'i,they/those,,,,,,,,,,,DET,NOM,pos:pron_dem gen:m num:p rat:r stt:i cas:u,pron_dem,pos:pron_dem gen:m num:p rat:r stt:i cas:u,,,,[STEM-BASE]
133,134,NTWS,NTWS,NTWS,LEXICON,[STEM-CONJ-PREP],DEM_PRON_P,>uwlaA'i,>uwlaA}ika,they/those,,,,,,,,,,,DET,NOM,pos:pron_dem gen:m num:p rat:r stt:i cas:u,pron_dem,pos:pron_dem gen:m num:p rat:r stt:i cas:u,,,,[STEM-BASE]
134,135,NTWS,NTWS,NTWS,LEXICON,[STEM-CONJ-PREP],DEM_PRON_P,>uwlaA'i,>uwla}ika,they/those,,,,,,,,,,,DET,NOM,pos:pron_dem gen:m num:p rat:r stt:i cas:u,pron_dem,pos:pron_dem gen:m num:p rat:r stt:i cas:u,,,,[STEM-BASE]
135,136,NTWS,NTWS,NTWS,LEXICON,[STEM-CONJ-PREP],DEM_PRON_MP,>uwlaA'i,>uwlaA}ikum%m,they/those,,,,,,,,,,,DET,NOM,pos:pron_dem gen:m num:p rat:r stt:i cas:u,pron_dem,pos:pron_dem gen:m num:p rat:r stt:i cas:u,,,,[STEM-BASE]
136,137,NTWS,NTWS,NTWS,LEXICON,[STEM-CONJ-PREP],DEM_PRON_MP,>uwlaA'i,>uwla}ikum%m,they/those,,,,,,,,,,,DET,NOM,pos:pron_dem gen:m num:p rat:r stt:i cas:u,pron_dem,pos:pron_dem gen:m num:p rat:r stt:i cas:u,,,,[STEM-BASE]
137,138,NTWS,NTWS,NTWS,LEXICON,[STEM-CONJ-PREP],DEM_PRON_MP,>uwlaA'i,>uwluw,they/those;possessors_of,,,,,,,,,,,DET,NOM,pos:pron_dem gen:m num:p rat:r stt:c cas:n,pron_dem,pos:pron_dem gen:m num:p rat:r stt:c cas:n,,,,[STEM]
138,139,NTWS,NTWS,NTWS,LEXICON,[STEM-CONJ-PREP],DEM_PRON_MP,>uwlaA'i,>uwliy,they/those;possessors_of,,,,,,,,,,,DET,NOM,pos:pron_dem gen:m num:p rat:r stt:c cas:a,pron_dem,pos:pron_dem gen:m num:p rat:r stt:c cas:a,,,,[STEM]
139,140,NTWS,NTWS,NTWS,LEXICON,[STEM-CONJ-PREP],DEM_PRON_MP,>uwlaA'i,>uwliy,they/those;possessors_of,,,,,,,,,,,DET,NOM,pos:pron_dem gen:m num:p rat:r stt:c cas:i,pron_dem,pos:pron_dem gen:m num:p rat:r stt:c cas:i,,,,[STEM]
140,141,NTWS,NTWS,NTWS,LEXICON,[STEM-CONJ-PREP],ABBREV,|,|,A.,,,,,,,,,,,NOUN,NOM,pos:abbrev,abbrev,pos:abbrev,,,,[STEM-BASE]
141,142,NTWS,NTWS,NTWS,LEXICON,[STEM-CONJ-PREP],ABBREV,|ar,|ar,R.,,,,,,,,,,,NOUN,NOM,pos:abbrev,abbrev,pos:abbrev,,,,[STEM-BASE]
142,143,NTWS,NTWS,NTWS,LEXICON,[STEM-CONJ],ADV,|na}i*K,|na}i*K,then;at_that_time,,,,,,,,,,,ADV,NOM,pos:adv stt:i cas:u,adv,pos:adv stt:i cas:u,,,,[STEM-BASE]
143,144,NTWS,NTWS,NTWS,LEXICON,[STEM-CONJ],ADV,|na*aAk,|na*aAk,then;at_that_time,,,,,,,,,,,ADV,NOM,pos:adv stt:i cas:u,adv,pos:adv stt:i cas:u,,,,[STEM-BASE]
144,145,NTWS,NTWS,NTWS,LEXICON,[STEM-CONJ-PREP],ABBREV,|s,|s,S.,,,,,,,,,,,NOUN,NOM,pos:abbrev,abbrev,pos:abbrev,,,,[STEM-BASE]
145,146,NTWS,NTWS,NTWS,LEXICON,[STEM-CONJ-PREP],ABBREV,|y,|y,A.,,,,,,,,,,,NOUN,NOM,pos:abbrev,abbrev,pos:abbrev,,,,[STEM-BASE]
146,147,NTWS,NTWS,NTWS,LEXICON,[STEM-CONJ-PREP],ABBREV,|y,|y,I.,,,,,,,,,,,NOUN,NOM,pos:abbrev,abbrev,pos:abbrev,,,,[STEM-BASE]
147,148,NTWS,NTWS,NTWS,LEXICON,[STEM-CONJ-PREP],ABBREV,$,$,SH.;21st;(street),,,,,,,,,,,NOUN,NOM,pos:abbrev,abbrev,pos:abbrev,,,,[STEM-BASE]
148,149,NTWS,NTWS,NTWS,LEXICON,[STEM-CONJ-PREP],INTERJ,$ub~ayok,$ub~ayok,"shubbeik_(magical_encantation:_approx._""alakazam"")",,,,,,,,,,,INTJ,PRT,pos:interj,interj,pos:interj,,,,[STEM-BASE]
149,150,NTWS,NTWS,NTWS,LEXICON,[STEM-CONJ-PREP],DET,Al,Al,the,!li/PREP,,,,,,,,,,DET,PRT,pos:part_det,part_det,pos:part_det,,,,[STEM-BASE]
150,151,NTWS,NTWS,NTWS,LEXICON,[STEM-CONJ],li/PREP+Al/DET,Al,lil,for/to+the,,,li+_l,li+_Al,li+_l,li+_Al,,,li+_l,li+_Al,ADP,PRT,pos:part_det prc1:li_prep,part_det,pos:part_det prc1:li_prep,,,,[STEM-COMPOUND]
151,152,NTWS,NTWS,NTWS,LEXICON,[STEM-CONJ],REL_PRON,Al~a*iy,Aall~atayoni,which;who;whom,,,,,,,,,,,PRON,NOM,pos:pron_rel rat:n gen:f num:d stt:d cas:a,pron_rel,pos:pron_rel rat:n gen:f num:d stt:d cas:a,,,,[STEM-BASE]
152,153,NTWS,NTWS,NTWS,LEXICON,[STEM-CONJ],li/PREP+All~atayoni/REL_PRON,Al~a*iy,lila~atayoni,which;who;whom,,,li+_l~atayoni,li+_All~atayoni,li+_l~atayoni,li+_All~atayoni,,,li+_l~atayoni,li+_All~atayoni,ADP+PRON,PRT+NOM,pos:pron_rel rat:n gen:f num:d stt:d cas:g prc1:li_prep,pron_rel,pos:pron_rel rat:n gen:f num:d stt:d cas:g prc1:li_prep,,,,[STEM-BASE]
153,154,NTWS,NTWS,NTWS,LEXICON,[STEM-CONJ-PREP],REL_PRON,Al~a*iy,Aall~atayoni,which;who;whom,!li/PREP,,,,,,,,,,PRON,NOM,pos:pron_rel rat:n gen:f num:d stt:d cas:g,pron_rel,pos:pron_rel rat:n gen:f num:d stt:d cas:g,,,,[STEM-BASE]
154,155,NTWS,NTWS,NTWS,LEXICON,[STEM-CONJ],REL_PRON,Al~a*iy,Aall~ataAni,which;who;whom,,,,,,,,,,,PRON,NOM,pos:pron_rel rat:n gen:f num:d stt:d cas:n,pron_rel,pos:pron_rel rat:n gen:f num:d stt:d cas:n,,,,[STEM-BASE]
155,156,NTWS,NTWS,NTWS,LEXICON,[STEM-CONJ],REL_PRON,Al~a*iy,Aall~aA}iy,which;who;whom,,,,,,,,,,,PRON,NOM,pos:pron_rel rat:n gen:f num:p stt:d cas:a,pron_rel,pos:pron_rel rat:n gen:f num:p stt:d cas:a,,,,[STEM-BASE]
156,157,NTWS,NTWS,NTWS,LEXICON,[STEM-CONJ],REL_PRON,Al~a*iy,Aall~aAtiy,which;who;whom,,,,,,,,,,,PRON,NOM,pos:pron_rel rat:n gen:f num:p stt:d cas:a,pron_rel,pos:pron_rel rat:n gen:f num:p stt:d cas:a,,,,[STEM-BASE]
157,158,NTWS,NTWS,NTWS,LEXICON,[STEM-CONJ],REL_PRON,Al~a*iy,Aall~awaAtiy,which;who;whom,,,,,,,,,,,PRON,NOM,pos:pron_rel rat:n gen:f num:p stt:d cas:a,pron_rel,pos:pron_rel rat:n gen:f num:p stt:d cas:a,,,,[STEM-BASE]
158,159,NTWS,NTWS,NTWS,LEXICON,[STEM-CONJ],li/PREP+All~A}iy/REL_PRON,Al~a*iy,lil~aA}iy,which;who;whom,,,li+_l~aA}iy,li+_All~aA}iy,li+_l~aA}iy,li+_All~aA}iy,,,li+_l~aA}iy,li+_All~aA}iy,ADP+PRON,PRT+NOM,pos:pron_rel rat:n gen:f num:p stt:d cas:g prc1:li_prep,pron_rel,pos:pron_rel rat:n gen:f num:p stt:d cas:g prc1:li_prep,,,,[STEM-BASE]
159,160,NTWS,NTWS,NTWS,LEXICON,[STEM-CONJ-PREP],REL_PRON,Al~a*iy,Aall~aA}iy,which;who;whom,!li/PREP,,,,,,,,,,PRON,NOM,pos:pron_rel rat:n gen:f num:p stt:d cas:g,pron_rel,pos:pron_rel rat:n gen:f num:p stt:d cas:g,,,,[STEM-BASE]
160,161,NTWS,NTWS,NTWS,LEXICON,[STEM-CONJ],li/PREP+All~Atiy/REL_PRON,Al~a*iy,lil~aAtiy,which;who;whom,,,li+_l~aAtiy,li+_All~aAtiy,li+_l~aAtiy,li+_All~aAtiy,,,li+_l~aAtiy,li+_All~aAtiy,ADP+PRON,PRT+NOM,pos:pron_rel rat:n gen:f num:p stt:d cas:g prc1:li_prep,pron_rel,pos:pron_rel rat:n gen:f num:p stt:d cas:g prc1:li_prep,,,,[STEM-BASE]
161,162,NTWS,NTWS,NTWS,LEXICON,[STEM-CONJ-PREP],REL_PRON,Al~a*iy,Aall~aAtiy,which;who;whom,!li/PREP,,,,,,,,,,PRON,NOM,pos:pron_rel rat:n gen:f num:p stt:d cas:g,pron_rel,pos:pron_rel rat:n gen:f num:p stt:d cas:g,,,,[STEM-BASE]
162,163,NTWS,NTWS,NTWS,LEXICON,[STEM-CONJ],li/PREP+All~awAtiy/REL_PRON,Al~a*iy,lil~awaAtiy,which;who;whom,,,li+_l~awaAtiy,li+_All~awaAtiy,li+_l~awaAtiy,li+_All~awaAtiy,,,li+_l~awaAtiy,li+_All~awaAtiy,ADP+PRON,PRT+NOM,pos:pron_rel rat:n gen:f num:p stt:d cas:g prc1:li_prep,pron_rel,pos:pron_rel rat:n gen:f num:p stt:d cas:g prc1:li_prep,,,,[STEM-BASE]
163,164,NTWS,NTWS,NTWS,LEXICON,[STEM-CONJ-PREP],REL_PRON,Al~a*iy,Aall~awaAtiy,which;who;whom,!li/PREP,,,,,,,,,,PRON,NOM,pos:pron_rel rat:n gen:f num:p stt:d cas:g,pron_rel,pos:pron_rel rat:n gen:f num:p stt:d cas:g,,,,[STEM-BASE]
164,165,NTWS,NTWS,NTWS,LEXICON,[STEM-CONJ],REL_PRON,Al~a*iy,Aall~aA}iy,which;who;whom,,,,,,,,,,,PRON,NOM,pos:pron_rel rat:n gen:f num:p stt:d cas:n,pron_rel,pos:pron_rel rat:n gen:f num:p stt:d cas:n,,,,[STEM-BASE]
165,166,NTWS,NTWS,NTWS,LEXICON,[STEM-CONJ],REL_PRON,Al~a*iy,Aall~aAtiy,which;who;whom,,,,,,,,,,,PRON,NOM,pos:pron_rel rat:n gen:f num:p stt:d cas:n,pron_rel,pos:pron_rel rat:n gen:f num:p stt:d cas:n,,,,[STEM-BASE]
166,167,NTWS,NTWS,NTWS,LEXICON,[STEM-CONJ],REL_PRON,Al~a*iy,Aall~awaAtiy,which;who;whom,,,,,,,,,,,PRON,NOM,pos:pron_rel rat:n gen:f num:p stt:d cas:n,pron_rel,pos:pron_rel rat:n gen:f num:p stt:d cas:n,,,,[STEM-BASE]
167,168,NTWS,NTWS,NTWS,LEXICON,[STEM-CONJ],REL_PRON,Al~a*iy,Aal~atiy,which;who;whom,,,,,,,,,,,PRON,NOM,pos:pron_rel rat:n gen:f num:s stt:d cas:a,pron_rel,pos:pron_rel rat:n gen:f num:s stt:d cas:a,,,,[STEM-BASE]
168,169,NTWS,NTWS,NTWS,LEXICON,[STEM-CONJ],li/PREP+Al~atiy/REL_PRON,Al~a*iy,lil~atiy,which;who;whom,,,li+_l~atiy,li+_Al~atiy,li+_l~atiy,li+_Al~atiy,,,li+_l~atiy,li+_Al~atiy,ADP+PRON,PRT+NOM,pos:pron_rel rat:n gen:f num:s stt:d cas:g prc1:li_prep,pron_rel,pos:pron_rel rat:n gen:f num:s stt:d cas:g prc1:li_prep,,,,[STEM-BASE]
169,170,NTWS,NTWS,NTWS,LEXICON,[STEM-CONJ-PREP],REL_PRON,Al~a*iy,Aal~atiy,which;who;whom,!li/PREP,,,,,,,,,,PRON,NOM,pos:pron_rel rat:n gen:f num:s stt:d cas:g,pron_rel,pos:pron_rel rat:n gen:f num:s stt:d cas:g,,,,[STEM-BASE]
170,171,NTWS,NTWS,NTWS,LEXICON,[STEM-CONJ],REL_PRON,Al~a*iy,Aal~atiy,which;who;whom,,,,,,,,,,,PRON,NOM,pos:pron_rel rat:n gen:f num:s stt:d cas:n,pron_rel,pos:pron_rel rat:n gen:f num:s stt:d cas:n,,,,[STEM-BASE]
171,172,NTWS,NTWS,NTWS,LEXICON,[STEM-CONJ],REL_PRON,Al~a*iy,Aall~a*ayoni,which;who;whom,,,,,,,,,,,PRON,NOM,pos:pron_rel rat:n gen:m num:d stt:d cas:a,pron_rel,pos:pron_rel rat:n gen:m num:d stt:d cas:a,,,,[STEM-BASE]
172,173,NTWS,NTWS,NTWS,LEXICON,[STEM-CONJ],li/PREP+Al~a*ayoni/REL_PRON,Al~a*iy,lil~a*ayoni,which;who;whom,,,li+_l~a*ayoni,li+_Al~a*ayoni,li+_l~a*ayoni,li+_Al~a*ayoni,,,li+_l~a*ayoni,li+_Al~a*ayoni,ADP+PRON,PRT+NOM,pos:pron_rel rat:n gen:m num:d stt:d cas:g prc1:li_prep,pron_rel,pos:pron_rel rat:n gen:m num:d stt:d cas:g prc1:li_prep,,,,[STEM-BASE]
173,174,NTWS,NTWS,NTWS,LEXICON,[STEM-CONJ-PREP],REL_PRON,Al~a*iy,Aall~a*ayoni,which;who;whom,!li/PREP,,,,,,,,,,PRON,NOM,pos:pron_rel rat:n gen:m num:d stt:d cas:g,pron_rel,pos:pron_rel rat:n gen:m num:d stt:d cas:g,,,,[STEM-BASE]
174,175,NTWS,NTWS,NTWS,LEXICON,[STEM-CONJ],REL_PRON,Al~a*iy,Aall~a*aAni,which;who;whom,,,,,,,,,,,PRON,NOM,pos:pron_rel rat:n gen:m num:d stt:d cas:n,pron_rel,pos:pron_rel rat:n gen:m num:d stt:d cas:n,,,,[STEM-BASE]
175,176,NTWS,NTWS,NTWS,LEXICON,[STEM-CONJ],REL_PRON,Al~a*iy,Aal~a*iyna,which;who;whom,,,,,,,,,,,PRON,NOM,pos:pron_rel rat:n gen:m num:p stt:d cas:a,pron_rel,pos:pron_rel rat:n gen:m num:p stt:d cas:a,,,,[STEM-BASE]
176,177,NTWS,NTWS,NTWS,LEXICON,[STEM-CONJ],li/PREP+Al~a*iyna/REL_PRON,Al~a*iy,lil~a*iyna,which;who;whom,,,li+_l~a*iyna,li+_Al~a*iyna,li+_l~a*iyna,li+_Al~a*iyna,,,li+_l~a*iyna,li+_Al~a*iyna,ADP+PRON,PRT+NOM,pos:pron_rel rat:n gen:m num:p stt:d cas:g prc1:li_prep,pron_rel,pos:pron_rel rat:n gen:m num:p stt:d cas:g prc1:li_prep,,,,[STEM-BASE]
177,178,NTWS,NTWS,NTWS,LEXICON,[STEM-CONJ-PREP],REL_PRON,Al~a*iy,Aal~a*iyna,which;who;whom,!li/PREP,,,,,,,,,,PRON,NOM,pos:pron_rel rat:n gen:m num:p stt:d cas:g,pron_rel,pos:pron_rel rat:n gen:m num:p stt:d cas:g,,,,[STEM-BASE]
178,179,NTWS,NTWS,NTWS,LEXICON,[STEM-CONJ],REL_PRON,Al~a*iy,Aal~a*iyna,which;who;whom,,,,,,,,,,,PRON,NOM,pos:pron_rel rat:n gen:m num:p stt:d cas:n,pron_rel,pos:pron_rel rat:n gen:m num:p stt:d cas:n,,,,[STEM-BASE]
179,180,NTWS,NTWS,NTWS,LEXICON,[STEM-CONJ],REL_PRON,Al~a*iy,Aal~a*iy,which;who;whom,,,,,,,,,,,PRON,NOM,pos:pron_rel rat:n gen:m num:s stt:d cas:a,pron_rel,pos:pron_rel rat:n gen:m num:s stt:d cas:a,,,,[STEM-BASE]
180,181,NTWS,NTWS,NTWS,LEXICON,[STEM-CONJ],li/PREP+Al~a*iy/REL_PRON,Al~a*iy,lil~a*iy,which;who;whom,,,li+_l~a*iy,li+_Al~a*iy,li+_l~a*iy,li+_Al~a*iy,,,li+_l~a*iy,li+_Al~a*iy,ADP+PRON,PRT+NOM,pos:pron_rel rat:n gen:m num:s stt:d cas:g prc1:li_prep,pron_rel,pos:pron_rel rat:n gen:m num:s stt:d cas:g prc1:li_prep,,,,[STEM-BASE]
181,182,NTWS,NTWS,NTWS,LEXICON,[STEM-CONJ-PREP],REL_PRON,Al~a*iy,Aal~a*iy,which;who;whom,!li/PREP,,,,,,,,,,PRON,NOM,pos:pron_rel rat:n gen:m num:s stt:d cas:g,pron_rel,pos:pron_rel rat:n gen:m num:s stt:d cas:g,,,,[STEM-BASE]
182,183,NTWS,NTWS,NTWS,LEXICON,[STEM-CONJ],REL_PRON,Al~a*iy,Aal~a*iy,which;who;whom,,,,,,,,,,,PRON,NOM,pos:pron_rel rat:n gen:m num:s stt:d cas:n,pron_rel,pos:pron_rel rat:n gen:m num:s stt:d cas:n,,,,[STEM-BASE]
183,184,>.l.h,NTWS,NTWS,LEXICON,[STEM-CONJ],All~a`h/NOUN_PROP+u/CASE_DEF_NOM,All~a`h,All~a`hu,Allah;God,,,,,,,,,,,PROPN,NOM,pos:noun_prop gen:m num:s rat:r stt:d cas:n prc0:0,noun_prop,pos:noun_prop gen:m num:s rat:r stt:d cas:n prc0:Al_det,,,,
184,185,>.l.h,NTWS,NTWS,LEXICON,[STEM-CONJ],All~a`h/NOUN_PROP+a/CASE_DEF_ACC,All~a`h,All~a`ha,Allah;God,,,,,,,,,,,PROPN,NOM,pos:noun_prop gen:m num:s rat:r stt:d cas:a prc0:0,noun_prop,pos:noun_prop gen:m num:s rat:r stt:d cas:a prc0:Al_det,,,,
185,186,>.l.h,NTWS,NTWS,LEXICON,[STEM-CONJ-PREP],All~a`h/NOUN_PROP+i/CASE_DEF_GEN,All~a`h,All~a`hi,Allah;God,!li/PREP,,,,,,,,,,PROPN,NOM,pos:noun_prop gen:m num:s rat:r stt:d cas:g prc0:0,noun_prop,pos:noun_prop gen:m num:s rat:r stt:d cas:g prc0:Al_det,,,,
186,187,>.l.h,NTWS,NTWS,LEXICON,[STEM-CONJ],li/PREP+All~a`h/NOUN_PROP+i/CASE_DEF_GEN,All~a`h,lil~a`hi,to/for_Allah/God,,,li_+l~a`hi,li_+All~a`hi,li_+l~a`hi,li_+All~a`hi,,,li_+l~a`hi,li_+All~a`hi,ADP+PROPN,PRT+NOM,pos:noun_prop gen:m num:s rat:r stt:d cas:g prc0:0 prc1:li_prep,noun_prop,pos:noun_prop gen:m num:s rat:r stt:d cas:g prc0:Al_det prc1:li_prep,,,,
187,188,>.l.h,NTWS,NTWS,LEXICON,[STEM-CONJ],ta/PREP+All~a`h/NOUN_PROP+i/CASE_DEF_GEN,All~a`h,taAll~a`hi,by_Allah/God,,,ta_+All~a`hi,ta_+All~a`hi,ta_+All~a`hi,ta_+All~a`hi,,,ta_+All~a`hi,ta_+All~a`hi,ADP+PROPN,PRT+NOM,pos:noun_prop gen:m num:s rat:r stt:d cas:g prc0:0 prc1:ta_prep,noun_prop,pos:noun_prop gen:m num:s rat:r stt:d cas:g prc0:Al_det prc1:ta_prep,,,,
188,189,>.l.h,NTWS,NTWS,LEXICON,[STEM-CONJ-PREP],INTERJ,All~a`hum~a,All~a`hum~a,truly;certainly;oh_God!;dear_God,,,,,,,,,,,INTJ,PRT,pos:interj,interj,pos:interj,,,,[STEM]
189,190,NTWS,NTWS,NTWS,LEXICON,[STEM],NOUN,All~utay~aA,All~utay~,who's_and_whom's,,,,,,,,,,,NOUN,NOM,pos:noun gen:m num:s rat:r stt:i cas:u,noun,pos:noun gen:m num:s rat:r stt:i cas:u,,,,[STEM]
190,191,NTWS,NTWS,NTWS,LEXICON,[STEM-CONJ-PREP],ABBREV,b,b,B.;2nd;P.,,,,,,,,,,,NOUN,NOM,pos:abbrev,abbrev,pos:abbrev,,,,[STEM-BASE]
191,192,NTWS,NTWS,NTWS,LEXICON,[STEM-CONJ-PREP],INTERJ,badaAri,AlobadaAri,hurry!,,,,,,,,,,,INTJ,PRT,pos:interj,interj,pos:interj,,,,[STEM-BASE]
192,193,NTWS,NTWS,NTWS,LEXICON,[STEM-CONJ-PREP],INTERJ,badaAri,badaAri,hurry!,,,,,,,,,,,INTJ,PRT,pos:interj,interj,pos:interj,,,,[STEM-BASE]
193,194,b.E.d,NTWS,NTWS,LEXICON,[STEM-CONJ],baEod/NOUN+a/CASE_DEF_ACC+maA/REL_PRON,baEod,baEodamaA,after_what/which,,,baEoda_+maA,baEoda_+maA,,,,,baEoda_+maA,baEoda_+maA,NOUN+PRON,NOM+NOM,pos:noun gen:m num:s enc0:mA_rel stt:c cas:a,noun,pos:noun gen:m num:s enc0:mA_rel stt:c cas:a,,,,[STEM-COMPOUND]
194,195,b.E.d,NTWS,NTWS,LEXICON,[STEM-CONJ],baEod/NOUN+a/CASE_DEF_ACC+maA/SUB_CONJ,baEod,baEodamaA,after_what/which,,,baEoda_+maA,baEoda_+maA,,,,,baEoda_+maA,baEoda_+maA,NOUN+SCONJ,NOM+PRT,pos:noun gen:m num:s enc0:mA_sub stt:c cas:a,noun,pos:noun gen:m num:s enc0:mA_sub stt:c cas:a,,,,[STEM-COMPOUND]
195,196,NTWS,NTWS,NTWS,LEXICON,[STEM-CONJ],ADV,baEoda}i*K,baEoda}i*K,after_that_time,,,,,,,,,,,ADV,NOM,pos:adv stt:i cas:u,adv,pos:adv stt:i cas:u,,,,[STEM-BASE]
196,197,NTWS,NTWS,NTWS,LEXICON,[STEM-CONJ-PREP],INTERJ,balaY,balaY,indeed;certainly,,,,,,,,,,,INTJ,PRT,pos:interj,interj,pos:interj,,,,[STEM-BASE]
197,198,NTWS,NTWS,NTWS,LEXICON,[STEM-CONJ],CONJ,balo,balo,Rather;even;but;yet;however,,,,,,,,,,,CCONJ,PRT,pos:conj,conj,pos:conj,,,,[STEM-BASE]
198,199,b.l.h,NTWS,NTWS,LEXICON,[STEM],NOUN,baloha,baloha,not_to_mention,,,,,,,,,,,NOUN,NOM,pos:noun gen:m num:s stt:i cas:u,noun,pos:noun gen:m num:s stt:i cas:u,CHECK,,,[STEM]
199,200,NTWS,NTWS,NTWS,LEXICON,[STEM-CONJ-PREP],INTERJ,bax,bax,bravo!,,,,,,,,,,,INTJ,PRT,pos:interj,interj,pos:interj,,,,[STEM-BASE]
200,201,NTWS,NTWS,NTWS,LEXICON,[STEM-CONJ],SUB_CONJ,bayonamaA,bayonamaA,whereas;while,,,,,,,,,,,SCONJ,PRT,pos:conj_sub,conj_sub,pos:conj_sub,,,,[STEM-BASE]
201,202,NTWS,NTWS,NTWS,LEXICON,[STEM-CONJ-PRON],PREP,bi,bi,with;by,,C:i#,,,,,,,,,ADP,PRT,pos:prep,prep,pos:prep,,,,[STEM-BASE]
202,203,NTWS,NTWS,NTWS,LEXICON,[STEM],ADJ,bi}osa,bi}osa,bad;evil;poor;unfortunate,,,,,,,,,,,ADJ,NOM,pos:adj gen:m num:s stt:i cas:u,adj,pos:adj gen:m num:s stt:i cas:u,CHECK,,,[STEM]
203,204,NTWS,NTWS,NTWS,LEXICON,[STEM-CONJ],ADJ,bi}osamaA,bi}osamaA,how_bad;how_evil;how_poor;how_unfortunate,,,,,,,,,,,ADJ,NOM,pos:adj gen:m num:s stt:i cas:u,adj,pos:adj gen:m num:s stt:i cas:u,CHECK,,,[STEM-COMPOUND]
204,205,b.n.y,NTWS,NTWS,LEXICON,[STEM-CONJ],NOUN,bino,bino,son,,,,,,,,,,,NOUN,NOM,pos:noun gen:m num:s rat:r stt:c cas:u,noun,pos:noun gen:m num:s rat:r stt:c cas:u,,,,[STEM-NOM]
205,206,NTWS,NTWS,NTWS,LEXICON,[STEM-CONJ-PREP],ABBREV,biy,biy,B.,,,,,,,,,,,NOUN,NOM,pos:abbrev,abbrev,pos:abbrev,,,,[STEM-BASE]
206,207,NTWS,NTWS,NTWS,LEXICON,[STEM-CONJ-PREP],ABBREV,biy,biy,P.,,,,,,,,,,,NOUN,NOM,pos:abbrev,abbrev,pos:abbrev,,,,[STEM-BASE]
207,208,NTWS,NTWS,NTWS,LEXICON,[STEM-CONJ-PREP],INTERJ,bliyz,bliyz,please!,,,,,,,,,,,INTJ,PRT,pos:interj,interj,pos:interj,,,,[STEM-BASE]
208,209,NTWS,NTWS,NTWS,LEXICON,[STEM-CONJ-PREP],INTERJ,braAfuw,braAfuw,bravo,,,,,,,,,,,INTJ,PRT,pos:interj,interj,pos:interj,,,,[STEM-BASE]
209,210,NTWS,NTWS,NTWS,LEXICON,[STEM-CONJ-PREP],ABBREV,d,d,D.;4th;Dr.;(minute);(dinar);(dirham),,,,,,,,,,,NOUN,NOM,pos:abbrev,abbrev,pos:abbrev,,,,[STEM-BASE]
210,211,NTWS,NTWS,NTWS,LEXICON,[STEM-CONJ-PREP],ABBREV,D,D,D.;26th,,,,,,,,,,,NOUN,NOM,pos:abbrev,abbrev,pos:abbrev,,,,[STEM-BASE]
211,212,NTWS,NTWS,NTWS,LEXICON,[STEM-CONJ-PREP],ABBREV,diy,diy,D.,,,,,,,,,,,NOUN,NOM,pos:abbrev,abbrev,pos:abbrev,,,,[STEM-BASE]
212,213,d.w.n,NTWS,NTWS,LEXICON,[STEM-CONJ],duwn/NOUN+a/CASE_DEF_ACC+maA/REL_PRON,duwn,duwnamaA,without;beneath;underneath;inferior;poor+what/which,,,duwna_+maA,duwna_+maA,,,,,duwna_+maA,duwna_+maA,NOUN+PRON,NOM+NOM,pos:noun gen:m num:s enc0:mA_rel stt:c cas:a,noun,pos:noun gen:m num:s enc0:mA_rel stt:c cas:a,,,,[STEM-COMPOUND]
213,214,d.w.n,NTWS,NTWS,LEXICON,[STEM-CONJ],duwn/NOUN+a/CASE_DEF_ACC+maA/SUB_CONJ,duwn,duwnamaA,without;beneath;underneath;inferior;poor+what/which,,,duwna_+maA,duwna_+maA,,,,,duwna_+maA,duwna_+maA,NOUN+SCONJ,NOM+PRT,pos:noun gen:m num:s enc0:mA_sub stt:c cas:a,noun,pos:noun gen:m num:s enc0:mA_sub stt:c cas:a,,,,[STEM-COMPOUND]
214,215,NTWS,NTWS,NTWS,LEXICON,[STEM-CONJ-PREP],ABBREV,E,E,('ayn);16th;(Arab),,,,,,,,,,,NOUN,NOM,pos:abbrev,abbrev,pos:abbrev,,,,[STEM-BASE]
215,216,NTWS,NTWS,NTWS,LEXICON,[STEM-CONJ],ADV,EaAma}i*K,EaAma}i*K,that_year,,,,,,,,,,,ADV,NOM,pos:adv stt:i cas:u,adv,pos:adv stt:i cas:u,,,,[STEM-BASE]
216,217,NTWS,NTWS,NTWS,LEXICON,[STEM-CONJ],ADV,EaAma*aAko,EaAma*aAko,that_year,,,,,,,,,,,ADV,NOM,pos:adv stt:i cas:u,adv,pos:adv stt:i cas:u,,,,[STEM-BASE]
217,218,NTWS,NTWS,NTWS,LEXICON,[STEM-CONJ-PRON],PREP,EadaA,EadaA,except_for,,C:A#,,,,,,,,,ADP,PRT,pos:prep,prep,pos:prep,,,,[STEM-BASE]
218,219,NTWS,NTWS,NTWS,LEXICON,[STEM-CONJ-PREP],INTERJ,EafaArim,EafaArim,well_done!;bravo!,,,,,,,,,,,INTJ,PRT,pos:interj,interj,pos:interj,,,,[STEM]
219,220,NTWS,NTWS,NTWS,LEXICON,[STEM-CONJ-PRON],PSEUDO_VERB,Eal~a,Eal~a,perhaps;maybe,!PRON-iy,,,,,,,,,,CCONJ,PRT,pos:verb_pseudo,verb_pseudo,pos:verb_pseudo,,,,[STEM-BASE]
220,221,NTWS,NTWS,NTWS,LEXICON,[STEM-CONJ],PREP,EalaY,EalaY,on;above,,,,,,,,,,,ADP,PRT,pos:prep,prep,pos:prep,,,,[STEM-BASE]
221,222,NTWS,NTWS,NTWS,LEXICON,[STEM-CONJ-PRON],PREP,EalaY,Ealayo,on;above,enc0,C:ay#,,,,,,,,,ADP,PRT,pos:prep,prep,pos:prep,,,,[STEM-BASE]
222,223,NTWS,NTWS,NTWS,LEXICON,[STEM-CONJ],EalaY/PREP+maA/INTERROG_PRON,EalaY,EalaAma,on;about+what;which,,,EalaA_+maA,EalaY_+maA,,,,,EalaA_+maA,EalaY_+maA,ADP+PRON,PRT+NOM,pos:prep enc0:ma_interrog,prep,pos:prep enc0:ma_interrog,,Check,,[STEM-COMPOUND]
223,224,NTWS,NTWS,NTWS,LEXICON,[STEM-CONJ],EalaY/PREP+maA/REL_PRON,EalaY,EalaAma,on;about+what;which,,,EalaA_+maA,EalaY_+maA,,,,,EalaA_+maA,EalaY_+maA,ADP+PRON,PRT+NOM,pos:prep enc0:ma_rel,prep,pos:prep enc0:ma_rel,,Check,,[STEM-COMPOUND]
224,225,NTWS,NTWS,NTWS,LEXICON,[STEM-CONJ],ADV,Eam~a}i*K,Eam~a}i*K,then,,,,,,,,,,,ADV,NOM,pos:adv stt:i cas:u,adv,pos:adv stt:i cas:u,,,,[STEM-BASE]
225,226,NTWS,NTWS,NTWS,LEXICON,[STEM-CONJ-PRON],PREP,Eano,Eano,away_from;off;about;on;over,!PRON-iy,C:n#,,,,,,,,,ADP,PRT,pos:prep,prep,pos:prep,,,,[STEM-BASE]
226,227,NTWS,NTWS,NTWS,LEXICON,[STEM-CONJ],Eano/PREP+maA/INTERROG_PRON,Eano,Eam~a,away_from;off;about;on;over+what/which,,,Eam_+~aA,Eano_+maA,,,,,Eam_+~aA,Eano_+maA,ADP+PRON,PRT+NOM,pos:prep enc0:mA_interrog,prep,pos:prep enc0:mA_interrog,,Check,,[STEM-COMPOUND]
227,228,NTWS,NTWS,NTWS,LEXICON,[STEM-CONJ],Eano/PREP+maA/INTERROG_PRON,Eano,Eam~aA,about+what/which,,,Eam_+~aA,Eano_+maA,,,,,Eam_+~aA,Eano_+maA,ADP+PRON,PRT+NOM,pos:prep enc0:mA_interrog,prep,pos:prep enc0:mA_interrog,,Check,,[STEM-COMPOUND]
228,229,NTWS,NTWS,NTWS,LEXICON,[STEM-CONJ],Eano/PREP+maA/REL_PRON,Eano,Eam~a,away_from;off;about;on;over+what/which,,,Eam_+~aA,Eano_+maA,,,,,Eam_+~aA,Eano_+maA,ADP+PRON,PRT+NOM,pos:prep enc0:mA_rel,prep,pos:prep enc0:mA_rel,,Check,,[STEM-COMPOUND]
229,230,NTWS,NTWS,NTWS,LEXICON,[STEM-CONJ],Eano/PREP+maA/REL_PRON,Eano,Eam~aA,about+what/which,,,Eam_+~aA,Eano_+maA,,,,,Eam_+~aA,Eano_+maA,ADP+PRON,PRT+NOM,pos:prep enc0:mA_rel,prep,pos:prep enc0:mA_rel,,Check,,[STEM-COMPOUND]
230,231,NTWS,NTWS,NTWS,LEXICON,[STEM-CONJ],Eano/PREP+mA/SUB_CONJ,Eano,Eam~a,about+that/if/unless/whether/as_long_as/as_soon_as,,,Eam_+~aA,Eano_+maA,,,,,Eam_+~aA,Eano_+maA,ADP+SCONJ,PRT+PRT,pos:prep enc0:mA_sub,prep,pos:prep enc0:mA_sub,,Check,,[STEM-COMPOUND]
231,232,NTWS,NTWS,NTWS,LEXICON,[STEM-CONJ],Eano/PREP+mA/SUB_CONJ,Eano,Eam~aA,about+that/if/unless/whether/as_long_as/as_soon_as,,,Eam_+~aA,Eano_+maA,,,,,Eam_+~aA,Eano_+maA,ADP+SCONJ,PRT+PRT,pos:prep enc0:mA_sub,prep,pos:prep enc0:mA_sub,,Check,,[STEM-COMPOUND]
232,233,NTWS,NTWS,NTWS,LEXICON,[STEM-CONJ],Eano/PREP+mano/REL_PRON,Eano,Eam~ano,away_from;off;about;on;over+who/whom,,,Eam_+~ano,Eano_+mano,,,,,Eam_+~ano,Eano_+mano,ADP+PRON,PRT+NOM,pos:prep enc0:man_rel,prep,pos:prep enc0:man_rel,,Check,,[STEM-COMPOUND]
233,234,NTWS,NTWS,NTWS,LEXICON,[STEM-CONJ-PRON],PSEUDO_VERB,EasaY,EasaA,may_be;perhaps,,,,,,,,,,,CCONJ,PRT,pos:verb_pseudo,verb_pseudo,pos:verb_pseudo,,,,[STEM-BASE]
234,235,NTWS,NTWS,NTWS,LEXICON,[STEM-CONJ],PSEUDO_VERB,EasaY,EasaY,may_be;perhaps,,,,,,,,,,,CCONJ,PRT,pos:verb_pseudo,verb_pseudo,pos:verb_pseudo,,,,[STEM-BASE]
235,236,E.n.d,NTWS,NTWS,LEXICON,[STEM-CONJ],Einod/NOUN+a/CASE_DEF_ACC+maA/SUB_CONJ,Einod,EinodamaA,when,,,Einoda_+maA,Einoda_+maA,,,,,Einoda_+maA,Einoda_+maA,NOUN+SCONJ,NOM+PRT,pos:noun gen:m num:s enc0:mA_sub stt:c cas:a,noun,pos:noun gen:m num:s enc0:mA_sub stt:c cas:a,,Check,,[STEM-COMPOUND]
236,237,NTWS,NTWS,NTWS,LEXICON,[STEM-CONJ],ADV,Einoda}i*K,Einoda}i*K,Then;at_that_time;at_that_moment,,,,,,,,,,,ADV,NOM,pos:adv stt:i cas:u,adv,pos:adv stt:i cas:u,,,,[STEM-BASE]
237,238,NTWS,NTWS,NTWS,LEXICON,[STEM-CONJ],ADV,Einoda*aAko,Einoda*aAko,(by)_then;at_that_time;thereupon;whereupon,,,,,,,,,,,ADV,NOM,pos:adv stt:i cas:u,adv,pos:adv stt:i cas:u,,,,[STEM-BASE]
238,239,NTWS,NTWS,NTWS,LEXICON,[STEM-CONJ-PREP],ABBREV,fa,f,F.;17th;(fils),,,,,,,,,,,NOUN,NOM,pos:abbrev,abbrev,pos:abbrev,,,,[STEM-BASE]
239,240,NTWS,NTWS,NTWS,LEXICON,[STEM-STANDALONE],CONJ,fa,fa,and;so,,,,,,,,,,,CCONJ,PRT,pos:conj,conj,pos:conj,,,,[STEM-BASE]
240,241,NTWS,NTWS,NTWS,LEXICON,[STEM-STANDALONE],CONNEC_PART,fa,fa,and;so,,,,,,,,,,,PART,PRT,pos:part_connect,part_connect,pos:part_connect,,,,[STEM-BASE]
241,242,NTWS,NTWS,NTWS,LEXICON,[STEM-CONJ],ADV,faHasbu,faHasbu,only;that_is_all,,,,,,,,,,,ADV,NOM,pos:adv stt:i cas:u,adv,pos:adv stt:i cas:u,,,,[STEM-BASE]
242,243,NTWS,NTWS,NTWS,LEXICON,[STEM-CONJ],ADV,faqaT,faqaT,only,,,,,,,,,,,ADV,NOM,pos:adv stt:i cas:u,adv,pos:adv stt:i cas:u,,,,[STEM-BASE]
243,244,NTWS,NTWS,NTWS,LEXICON,[STEM-CONJ-PREP],ABBREV,fiy,fiy,V.,,,,,,,,,,,NOUN,NOM,pos:abbrev,abbrev,pos:abbrev,,,,[STEM-BASE]
244,245,NTWS,NTWS,NTWS,LEXICON,[STEM-CONJ-PRON],PREP,fiy,fiy,in,,C:iy#,,,,,,,,,ADP,PRT,pos:prep,prep,pos:prep,,,,[STEM-BASE]
245,246,NTWS,NTWS,NTWS,LEXICON,[STEM-CONJ],fiy/PREP+maA/INTERROG_PRON,fiy,fiyma,in+what/which,,,fiy_+maA,fiy_+maA,,,,,fiy_+maA,fiy_+maA,ADP+PRON,PRT+NOM,pos:prep enc0:ma_interrog,prep,pos:prep enc0:ma_interrog,,Check,,[STEM-COMPOUND]
246,247,NTWS,NTWS,NTWS,LEXICON,[STEM-CONJ],fiy/PREP+maA/REL_PRON,fiy,fiymaA,in+what/which,,,fiy_+maA,fiy_+maA,,,,,fiy_+maA,fiy_+maA,ADP+PRON,PRT+NOM,pos:prep enc0:mA_rel,prep,pos:prep enc0:mA_rel,,Check,,
247,248,NTWS,NTWS,NTWS,LEXICON,[STEM-CONJ],SUB_CONJ,fiymaA,fiymaA,while;as;during,,,,,,,,,,,SCONJ,PRT,pos:conj_sub,conj_sub,pos:conj_sub,,,,[STEM-BASE]
248,249,f.w.h,NTWS,NTWS,LEXICON,[STEM-NOM],NOUN,fuw,>afowaAh,mouth,MS,,,,,,,,,,NOUN,NOM,pos:noun gen:- num:p rat:i,noun,pos:noun gen:- num:p rat:i,,,,
249,250,f.w.h,NTWS,NTWS,LEXICON,[STEM-CONST],NOUN,fuw,faw,mouth,MD||MP,Five-nouns,,,,,,,,,NOUN,NOM,pos:noun gen:- num:- rat:i stt:c,noun,pos:noun gen:- num:- rat:i stt:c,,,,
250,251,f.w.h,NTWS,NTWS,LEXICON,[STEM-CONST],NOUN,fuw,f,mouth,MS,,,,,,,,,,NOUN,NOM,pos:noun gen:- num:- rat:i stt:c,noun,pos:noun gen:- num:- rat:i stt:c,,,,
251,252,NTWS,NTWS,NTWS,LEXICON,[STEM-CONJ-PREP],ABBREV,g,g,GH.;28th;(Greenwich);(piaster);(gram),,,,,,,,,,,NOUN,NOM,pos:abbrev,abbrev,pos:abbrev,,,,[STEM-BASE]
252,253,NTWS,NTWS,NTWS,LEXICON,[STEM-CONJ-PREP],ABBREV,H,H,H.;8th,,,,,,,,,,,NOUN,NOM,pos:abbrev,abbrev,pos:abbrev,,,,[STEM-BASE]
253,254,NTWS,NTWS,NTWS,LEXICON,[STEM-CONJ-PREP],ABBREV,h,h,H.;(Hijrah);5th,,,,,,,,,,,NOUN,NOM,pos:abbrev,abbrev,pos:abbrev,,,,[STEM-BASE]
254,255,NTWS,NTWS,NTWS,LEXICON,[STEM-CONJ-PREP],DEM_PRON_FD,ha`*aA,haAtayoni,this;these,,,,,,,,,,,DET,NOM,pos:pron_dem rat:n gen:f num:d cas:a stt:i,pron_dem,pos:pron_dem rat:n gen:f num:d cas:a stt:i,,,,[STEM-BASE]
255,256,NTWS,NTWS,NTWS,LEXICON,[STEM-CONJ-PREP],DEM_PRON_FD,ha`*aA,haAtayoni,this;these,,,,,,,,,,,DET,NOM,pos:pron_dem rat:n gen:f num:d cas:g stt:i,pron_dem,pos:pron_dem rat:n gen:f num:d cas:g stt:i,,,,[STEM-BASE]
256,257,NTWS,NTWS,NTWS,LEXICON,[STEM-CONJ-PREP],DEM_PRON_FD,ha`*aA,haAtaAni,this;these,,,,,,,,,,,DET,NOM,pos:pron_dem rat:n gen:f num:d cas:n stt:i,pron_dem,pos:pron_dem rat:n gen:f num:d cas:n stt:i,,,,[STEM-BASE]
257,258,NTWS,NTWS,NTWS,LEXICON,[STEM-CONJ-PREP],DEM_PRON_P,ha`*aA,ha`&ulaA'i,this;these,,,,,,,,,,,DET,NOM,pos:pron_dem rat:n gen:f num:p cas:a stt:i,pron_dem,pos:pron_dem rat:n gen:f num:p cas:a stt:i,,,,[STEM-BASE]
258,259,NTWS,NTWS,NTWS,LEXICON,[STEM-CONJ-PREP],DEM_PRON_P,ha`*aA,ha`&ulaA'i,this;these,,,,,,,,,,,DET,NOM,pos:pron_dem rat:n gen:f num:p cas:g stt:i,pron_dem,pos:pron_dem rat:n gen:f num:p cas:g stt:i,,,,[STEM-BASE]
259,260,NTWS,NTWS,NTWS,LEXICON,[STEM-CONJ-PREP],DEM_PRON_P,ha`*aA,ha`&ulaA'i,this;these,,,,,,,,,,,DET,NOM,pos:pron_dem rat:n gen:f num:p cas:n stt:i,pron_dem,pos:pron_dem rat:n gen:f num:p cas:n stt:i,,,,[STEM-BASE]
260,261,NTWS,NTWS,NTWS,LEXICON,[STEM-CONJ-PREP],DEM_PRON_F,ha`*aA,ha`*ihi,this;these,,,,,,,,,,,DET,NOM,pos:pron_dem rat:n gen:f num:s cas:a stt:i,pron_dem,pos:pron_dem rat:n gen:f num:s cas:a stt:i,,,,[STEM-BASE]
261,262,NTWS,NTWS,NTWS,LEXICON,[STEM-CONJ-PREP],DEM_PRON_F,ha`*aA,ha`*iy,this;these,,,,,,,,,,,DET,NOM,pos:pron_dem rat:n gen:f num:s cas:a stt:i,pron_dem,pos:pron_dem rat:n gen:f num:s cas:a stt:i,,,,[STEM-BASE]
262,263,NTWS,NTWS,NTWS,LEXICON,[STEM-CONJ-PREP],DEM_PRON_F,ha`*aA,haAti,this;these,,,,,,,,,,,DET,NOM,pos:pron_dem rat:n gen:f num:s cas:a stt:i,pron_dem,pos:pron_dem rat:n gen:f num:s cas:a stt:i,,,,[STEM-BASE]
263,264,NTWS,NTWS,NTWS,LEXICON,[STEM-CONJ-PREP],DEM_PRON_F,ha`*aA,haAtihi,this;these,,,,,,,,,,,DET,NOM,pos:pron_dem rat:n gen:f num:s cas:a stt:i,pron_dem,pos:pron_dem rat:n gen:f num:s cas:a stt:i,,,,[STEM-BASE]
264,265,NTWS,NTWS,NTWS,LEXICON,[STEM-CONJ-PREP],DEM_PRON_F,ha`*aA,ha`*ihi,this;these,,,,,,,,,,,DET,NOM,pos:pron_dem rat:n gen:f num:s cas:g stt:i,pron_dem,pos:pron_dem rat:n gen:f num:s cas:g stt:i,,,,[STEM-BASE]
265,266,NTWS,NTWS,NTWS,LEXICON,[STEM-CONJ-PREP],DEM_PRON_F,ha`*aA,ha`*iy,this;these,,,,,,,,,,,DET,NOM,pos:pron_dem rat:n gen:f num:s cas:g stt:i,pron_dem,pos:pron_dem rat:n gen:f num:s cas:g stt:i,,,,[STEM-BASE]
266,267,NTWS,NTWS,NTWS,LEXICON,[STEM-CONJ-PREP],DEM_PRON_F,ha`*aA,haAti,this;these,,,,,,,,,,,DET,NOM,pos:pron_dem rat:n gen:f num:s cas:g stt:i,pron_dem,pos:pron_dem rat:n gen:f num:s cas:g stt:i,,,,[STEM-BASE]
267,268,NTWS,NTWS,NTWS,LEXICON,[STEM-CONJ-PREP],DEM_PRON_F,ha`*aA,haAtihi,this;these,,,,,,,,,,,DET,NOM,pos:pron_dem rat:n gen:f num:s cas:g stt:i,pron_dem,pos:pron_dem rat:n gen:f num:s cas:g stt:i,,,,[STEM-BASE]
268,269,NTWS,NTWS,NTWS,LEXICON,[STEM-CONJ-PREP],DEM_PRON_F,ha`*aA,ha`*ihi,this;these,,,,,,,,,,,DET,NOM,pos:pron_dem rat:n gen:f num:s cas:n stt:i,pron_dem,pos:pron_dem rat:n gen:f num:s cas:n stt:i,,,,[STEM-BASE]
269,270,NTWS,NTWS,NTWS,LEXICON,[STEM-CONJ-PREP],DEM_PRON_F,ha`*aA,ha`*iy,this;these,,,,,,,,,,,DET,NOM,pos:pron_dem rat:n gen:f num:s cas:n stt:i,pron_dem,pos:pron_dem rat:n gen:f num:s cas:n stt:i,,,,[STEM-BASE]
270,271,NTWS,NTWS,NTWS,LEXICON,[STEM-CONJ-PREP],DEM_PRON_F,ha`*aA,haAti,this;these,,,,,,,,,,,DET,NOM,pos:pron_dem rat:n gen:f num:s cas:n stt:i,pron_dem,pos:pron_dem rat:n gen:f num:s cas:n stt:i,,,,[STEM-BASE]
271,272,NTWS,NTWS,NTWS,LEXICON,[STEM-CONJ-PREP],DEM_PRON_F,ha`*aA,haAtihi,this;these,,,,,,,,,,,DET,NOM,pos:pron_dem rat:n gen:f num:s cas:n stt:i,pron_dem,pos:pron_dem rat:n gen:f num:s cas:n stt:i,,,,[STEM-BASE]
272,273,NTWS,NTWS,NTWS,LEXICON,[STEM-CONJ-PREP],DEM_PRON_MD,ha`*aA,ha`*ayoni,this;these,,,,,,,,,,,DET,NOM,pos:pron_dem rat:n gen:m num:d cas:a stt:i,pron_dem,pos:pron_dem rat:n gen:m num:d cas:a stt:i,,,,[STEM-BASE]
273,274,NTWS,NTWS,NTWS,LEXICON,[STEM-CONJ-PREP],DEM_PRON_MD,ha`*aA,ha`*ayoni,this;these,,,,,,,,,,,DET,NOM,pos:pron_dem rat:n gen:m num:d cas:g stt:i,pron_dem,pos:pron_dem rat:n gen:m num:d cas:g stt:i,,,,[STEM-BASE]
274,275,NTWS,NTWS,NTWS,LEXICON,[STEM-CONJ-PREP],DEM_PRON_MD,ha`*aA,ha`*aAni,this;these,,,,,,,,,,,DET,NOM,pos:pron_dem rat:n gen:m num:d cas:n stt:i,pron_dem,pos:pron_dem rat:n gen:m num:d cas:n stt:i,,,,[STEM-BASE]
275,276,NTWS,NTWS,NTWS,LEXICON,[STEM-CONJ-PREP],DEM_PRON_P,ha`*aA,ha`&ulaA'i,this;these,,,,,,,,,,,DET,NOM,pos:pron_dem rat:n gen:m num:p cas:a stt:i,pron_dem,pos:pron_dem rat:n gen:m num:p cas:a stt:i,,,,[STEM-BASE]
276,277,NTWS,NTWS,NTWS,LEXICON,[STEM-CONJ-PREP],DEM_PRON_P,ha`*aA,ha`&ulaA'i,this;these,,,,,,,,,,,DET,NOM,pos:pron_dem rat:n gen:m num:p cas:g stt:i,pron_dem,pos:pron_dem rat:n gen:m num:p cas:g stt:i,,,,[STEM-BASE]
277,278,NTWS,NTWS,NTWS,LEXICON,[STEM-CONJ-PREP],DEM_PRON_P,ha`*aA,ha`&ulaA'i,this;these,,,,,,,,,,,DET,NOM,pos:pron_dem rat:n gen:m num:p cas:n stt:i,pron_dem,pos:pron_dem rat:n gen:m num:p cas:n stt:i,,,,[STEM-BASE]
278,279,NTWS,NTWS,NTWS,LEXICON,[STEM-CONJ-PREP],DEM_PRON_MS,ha`*aA,ha`*aA,this;these,,,,,,,,,,,DET,NOM,pos:pron_dem rat:n gen:m num:s cas:a stt:i,pron_dem,pos:pron_dem rat:n gen:m num:s cas:a stt:i,,,,[STEM-BASE]
279,280,NTWS,NTWS,NTWS,LEXICON,[STEM-CONJ-PREP],DEM_PRON_MS,ha`*aA,ha`*aA,this;these,,,,,,,,,,,DET,NOM,pos:pron_dem rat:n gen:m num:s cas:g stt:i,pron_dem,pos:pron_dem rat:n gen:m num:s cas:g stt:i,,,,[STEM-BASE]
280,281,NTWS,NTWS,NTWS,LEXICON,[STEM-CONJ-PREP],DEM_PRON_MS,ha`*aA,ha`*aA,this;these,,,,,,,,,,,DET,NOM,pos:pron_dem rat:n gen:m num:s cas:n stt:i,pron_dem,pos:pron_dem rat:n gen:m num:s cas:n stt:i,,,,[STEM-BASE]
281,282,NTWS,NTWS,NTWS,LEXICON,[STEM-CONJ-PREP],ADV,ha`ka*aA,ha`ka*aA,this_way;this;thus,,,,,,,,,,,ADV,NOM,pos:adv stt:i cas:u,adv,pos:adv stt:i cas:u,,,,[STEM-BASE]
282,283,NTWS,NTWS,NTWS,LEXICON,[STEM-CONJ],DEM_PRON,haA,haA,this,,,,,,,,,,,DET,NOM,pos:pron_dem rat:n gen:m num:s cas:u stt:i,pron_dem,pos:pron_dem rat:n gen:m num:s cas:u stt:i,,,,[STEM-BASE]
283,284,NTWS,NTWS,NTWS,LEXICON,[STEM-CONJ-PRON],PREP,HaA$aA,HaA$aA,except,,C:A#,,,,,,,,,ADP,PRT,pos:prep,prep,pos:prep,,,,[STEM-BASE]
284,285,NTWS,NTWS,NTWS,LEXICON,[STEM-CONJ],SUB_CONJ,HaAlamaA,HaAlamaA,as_soon_as,,,,,,,,,,,SCONJ,PRT,pos:conj_sub,conj_sub,pos:conj_sub,,,,[STEM-BASE]
285,286,NTWS,NTWS,NTWS,LEXICON,[STEM-CONJ],ADV,hahunaA,hahunaA,here,,,,,,,,,,,ADV,NOM,pos:adv stt:i cas:u,adv,pos:adv stt:i cas:u,,,,[STEM-BASE]
286,287,NTWS,NTWS,NTWS,LEXICON,[STEM-CONJ],hal/INTERROG_PART+laA/NEG_PART,halo,hal~aA,is_not?,,,hal_+~aA,hal_+laA,,,,,hal_+~aA,hal_+laA,PART+PART,PRT+PRT,pos:part_interrog enc0:lA_neg,part_interrog,pos:part_interrog enc0:lA_neg,,,,[STEM-COMPOUND]
287,288,NTWS,NTWS,NTWS,LEXICON,[STEM-CONJ],INTERROG_PART,halo,halo,do?;is?,,,,,,,,,,,PART,PRT,pos:part_interrog,part_interrog,pos:part_interrog,,,,[STEM-BASE]
288,289,NTWS,NTWS,NTWS,LEXICON,[STEM-CONJ-PRON],VERB,HanaAnay,HanaAnayo,mercy!,enc0:2*,,,,,,,,,,VERB,VRB,pos:verb_nom,verb_nom,pos:verb_nom,CHECK,Should probably be changed to verb_nom,,[STEM-COMPOUND]
289,290,H.s.b,NTWS,NTWS,LEXICON,[STEM-CONJ],Hasab/NOUN+a/CASE_DEF_ACC+maA/REL_PRON,Hasab,HasabamaA,according_to,,,Hasaba_+maA,Hasaba_+maA,,,,,Hasaba_+maA,Hasaba_+maA,NOUN+PRON,NOM+NOM,pos:noun gen:m num:s enc0:mA_rel stt:c cas:a,noun,pos:noun gen:m num:s enc0:mA_rel stt:c cas:a,,,,[STEM-COMPOUND]
290,291,H.s.b,NTWS,NTWS,LEXICON,[STEM-CONJ],Hasob/NOUN+a/CASE_DEF_ACC+maA/REL_PRON,Hasob,HasobamaA,according_to,,,Hasoba_+maA,Hasoba_+maA,,,,,Hasoba_+maA,Hasoba_+maA,NOUN+PRON,NOM+NOM,pos:noun gen:m num:s enc0:mA_rel stt:c cas:a,noun,pos:noun gen:m num:s enc0:mA_rel stt:c cas:a,,,,[STEM-COMPOUND]
291,292,NTWS,NTWS,NTWS,LEXICON,[STEM-CONJ],SUB_CONJ,Hat~amaA,Hat~amaA,until_when,,,,,,,,,,,SCONJ,PRT,pos:conj_sub,conj_sub,pos:conj_sub,,,,[STEM-BASE]
292,293,NTWS,NTWS,NTWS,LEXICON,[STEM-CONJ],CONJ,Hat~aY,Hat~aY,and;and_even,,,,,,,,,,,CCONJ,PRT,pos:conj,conj,pos:conj,,,,[STEM-BASE]
293,294,NTWS,NTWS,NTWS,LEXICON,[STEM-CONJ],PART,Hat~aY,Hat~aY,even;including,,,,,,,,,,,PART,PRT,pos:part,part,pos:part,,,,[STEM-BASE]
294,295,NTWS,NTWS,NTWS,LEXICON,[STEM-CONJ],PREP,Hat~aY,Hat~aY,until;up_to,,,,,,,,,,,ADP,PRT,pos:prep,prep,pos:prep,,,,[STEM-BASE]
295,296,NTWS,NTWS,NTWS,LEXICON,[STEM-CONJ],SUB_CONJ,Hat~aY,Hat~aY,so_that,,,,,,,,,,,SCONJ,PRT,pos:conj_sub,conj_sub,pos:conj_sub,,,,[STEM-BASE]
296,297,NTWS,NTWS,NTWS,LEXICON,[STEM-CONJ-PREP],REL_ADV,Hayovu,Hayovu,where;whereby;since,,,,,,,,,,,ADV,NOM,pos:adv_rel rat:n gen:u num:u stt:i cas:u,adv_rel,pos:adv_rel rat:n gen:u num:u stt:i cas:u,,,,[STEM-BASE]
297,298,NTWS,NTWS,NTWS,LEXICON,[STEM-CONJ],REL_ADV,HayovumaA,HayovumaA,wherever,,,,,,,,,,,ADV,NOM,pos:adv_rel stt:i cas:u,adv_rel,pos:adv_rel stt:i cas:u,,,,[STEM-BASE]
298,299,NTWS,NTWS,NTWS,LEXICON,[STEM-CONJ],haA/DEM_PRON+hiya/PRON_3FS,hiya,haAhiya,here_she/they_is/are,,,haA+_hiya,haA+_hiya,haA+_hiya,haA+_hiya,,,haA+_hiya,haA+_hiya,DET+PRON,NOM+NOM,pos:pron prc1:hA_dem gen:f num:s stt:d cas:n rat:u,pron,pos:pron prc1:hA_dem gen:f num:s stt:d cas:n rat:u,,,,[STEM-COMPOUND]
299,300,NTWS,NTWS,NTWS,LEXICON,[STEM-CONJ],PRON_3FS,hiya,hiya,it/they/she,,,,,,,,,,,PRON,NOM,pos:pron gen:f num:s stt:d cas:n rat:u,pron,pos:pron gen:f num:s stt:d cas:n rat:u,,,,[STEM-BASE]
300,301,H.y.n,NTWS,NTWS,LEXICON,[STEM-CONJ],Hiyna/NOUN+a/CASE_DEF_ACC+maA/SUB_CONJ,Hiyn,HiynamaA,when;while_that,,,Hiyna_+maA,Hiyna_+maA,,,,,Hiyna_+maA,Hiyna_+maA,NOUN+SCONJ,NOM+PRT,pos:noun gen:m num:s enc0:mA_sub stt:c cas:a,noun,pos:noun gen:m num:s enc0:mA_sub stt:c cas:a,,,,[STEM-COMPOUND]
301,302,NTWS,NTWS,NTWS,LEXICON,[STEM-CONJ],ADV,Hiyna}i*K,Hiyna}i*K,Then;at_that_time;at_that_moment;by_then,,,,,,,,,,,ADV,NOM,pos:adv stt:i cas:u,adv,pos:adv stt:i cas:u,,,,[STEM-BASE]
302,303,NTWS,NTWS,NTWS,LEXICON,[STEM-CONJ],ADV,Hiyna*aAka,Hiyna*aAka,at_that_moment;then,,,,,,,,,,,ADV,NOM,pos:adv stt:i cas:u,adv,pos:adv stt:i cas:u,,,,[STEM-BASE]
303,304,NTWS,NTWS,NTWS,LEXICON,[STEM-CONJ],ADV,Hiyna*aAko,Hiyna*aAko,Then;at_that_time;at_that_moment;by_then,,,,,,,,,,,ADV,NOM,pos:adv stt:i cas:u,adv,pos:adv stt:i cas:u,,,,[STEM-BASE]
304,305,NTWS,NTWS,NTWS,LEXICON,[STEM-CONJ],haA/DEM_PRON+hum/PRON_3MP,hum,haAhum%m,here_they_are,,,haA+_hum%m,haA+_hum,haA+_hum%m,haA+_hum,,,haA+_hum%m,haA+_hum,DET+PRON,NOM+NOM,pos:pron prc1:hA_dem gen:m num:p stt:d cas:n rat:r,pron,pos:pron prc1:hA_dem gen:m num:p stt:d cas:n rat:r,,,,[STEM-COMPOUND]
305,306,NTWS,NTWS,NTWS,LEXICON,[STEM-CONJ],PRON_3MP,hum,hum%m,they,,,,,,,,,,,PRON,NOM,pos:pron gen:m num:p stt:d cas:n rat:r,pron,pos:pron gen:m num:p stt:d cas:n rat:r,,,,[STEM-BASE]
306,307,NTWS,NTWS,NTWS,LEXICON,[STEM-CONJ],haA/DEM_PRON+humaA/PRON_3D,humaA,haAhumaA,here_they_both_are,,,haA+_humaA,haA+_humaA,haA+_humaA,haA+_humaA,,,haA+_humaA,haA+_humaA,DET+PRON,NOM+NOM,pos:pron prc1:hA_dem gen:m num:d stt:d cas:n rat:u,pron,pos:pron prc1:hA_dem gen:m num:d stt:d cas:n rat:u,,,,[STEM-COMPOUND]
307,308,NTWS,NTWS,NTWS,LEXICON,[STEM-CONJ],PRON_3D,humaA,humaA,they_both,,,,,,,,,,,PRON,NOM,pos:pron gen:m num:d stt:d cas:n rat:u,pron,pos:pron gen:m num:d stt:d cas:n rat:u,,,,[STEM-BASE]
308,309,NTWS,NTWS,NTWS,LEXICON,[STEM-CONJ],haA/DEM_PRON+hun~a/PRON_3FP,hun~a,haAhun~a,here_they_are(fem),,,haA+_hun~a,haA+_hun~a,haA+_hun~a,haA+_hun~a,,,haA+_hun~a,haA+_hun~a,DET+PRON,NOM+NOM,pos:pron prc1:hA_dem gen:f num:p stt:d cas:n rat:r,pron,pos:pron prc1:hA_dem gen:f num:p stt:d cas:n rat:r,,,,[STEM-COMPOUND]
309,310,NTWS,NTWS,NTWS,LEXICON,[STEM-CONJ],PRON_3FP,hun~a,hun~a,they(fem),,,,,,,,,,,PRON,NOM,pos:pron gen:f num:p stt:d cas:n rat:r,pron,pos:pron gen:f num:p stt:d cas:n rat:r,,,,[STEM-BASE]
310,311,NTWS,NTWS,NTWS,LEXICON,[STEM-CONJ],ADV,hunaA,hunaA,here,,,,,,,,,,,ADV,NOM,pos:adv stt:i cas:u,adv,pos:adv stt:i cas:u,,,,[STEM-BASE]
311,312,NTWS,NTWS,NTWS,LEXICON,[STEM-CONJ],ADV,hunaAka,hunaAka,there,,,,,,,,,,,ADV,NOM,pos:adv stt:i cas:u,adv,pos:adv stt:i cas:u,,,,[STEM-BASE]
312,313,NTWS,NTWS,NTWS,LEXICON,[STEM-CONJ],ADV,hunaAlika,hunaAlika,there,,,,,,,,,,,ADV,NOM,pos:adv stt:i cas:u,adv,pos:adv stt:i cas:u,,,,[STEM-BASE]
313,314,NTWS,NTWS,NTWS,LEXICON,[STEM-CONJ],haA/DEM_PRON+huwa/PRON_3MS,huwa,haAhuwa,here_he_is,,,haA+_huwa,haA+_huwa,haA+_huwa,haA+_huwa,,,haA+_huwa,haA+_huwa,DET+PRON,NOM+NOM,pos:pron prc1:hA_dem gen:m num:s stt:d cas:n rat:u,pron,pos:pron prc1:hA_dem gen:m num:s stt:d cas:n rat:u,,,,[STEM-COMPOUND]
314,315,NTWS,NTWS,NTWS,LEXICON,[STEM-CONJ],PRON_3MS,huwa,huwa,it/he,,,,,,,,,,,PRON,NOM,pos:pron gen:m num:s stt:d cas:n rat:u,pron,pos:pron gen:m num:s stt:d cas:n rat:u,,,,[STEM-BASE]
315,316,NTWS,NTWS,NTWS,LEXICON,[STEM-CONJ-PREP],INTERJ,huwa*aA,huwa*aA,behold;see;look,,,,,,,,,,,INTJ,PRT,pos:interj,interj,pos:interj,,,,[STEM-BASE]
316,317,NTWS,NTWS,NTWS,LEXICON,[STEM-CONJ-PREP],ABBREV,j,j,J.;3rd;(pounds/lira);(answer);(republic);(gram),,,,,,,,,,,NOUN,NOM,pos:abbrev,abbrev,pos:abbrev,,,,[STEM-BASE]
317,318,NTWS,NTWS,NTWS,LEXICON,[STEM-CONJ-PREP],ABBREV,jiy,jiy,G.,,,,,,,,,,,NOUN,NOM,pos:abbrev,abbrev,pos:abbrev,,,,[STEM-BASE]
318,319,NTWS,NTWS,NTWS,LEXICON,[STEM-CONJ-PREP],ABBREV,jiy,jiy,J.,,,,,,,,,,,NOUN,NOM,pos:abbrev,abbrev,pos:abbrev,,,,[STEM-BASE]
319,320,NTWS,NTWS,NTWS,LEXICON,[STEM-CONJ-PREP],ABBREV,ka,k,K.;11th;(kilo-),,,,,,,,,,,NOUN,NOM,pos:abbrev,abbrev,pos:abbrev,,,,[STEM-BASE]
320,321,NTWS,NTWS,NTWS,LEXICON,[STEM-CONJ],PREP,ka,ka,as;like,,,,,,,,,,,ADP,PRT,pos:prep,prep,pos:prep,,,,[STEM-BASE]
321,322,NTWS,NTWS,NTWS,LEXICON,[STEM],NOUN,ka*aA,ka*aA,such;thus;so,,,,,,,,,,,NOUN,NOM,pos:noun gen:m num:s stt:i cas:u,noun,pos:noun gen:m num:s stt:i cas:u,,,,[STEM-BASE]
322,323,NTWS,NTWS,NTWS,LEXICON,[STEM-CONJ],ka>an~/PSEUDO_VERB+niy/PRON_1S,ka>an~a,ka>an~iy,as_if;as_though;like,,,ka>an~_+iy,ka>an~a_+niy,,,,,ka>an~_+iy,ka>an~a_+niy,CCONJ+PRON,PRT+NOM,pos:verb_pseudo enc0:1s_pron,verb_pseudo,pos:verb_pseudo enc0:1s_pron,,,,[STEM-BASE]
323,324,NTWS,NTWS,NTWS,LEXICON,[STEM-CONJ],ka>an~/PSEUDO_VERB+naA/PRON_1P,ka>an~a,ka>an~aA,as_if;as_though;like,,,ka>an~_+aA,ka>an~a_+naA,,,,,ka>an~_+aA,ka>an~a_+naA,CCONJ+PRON,PRT+NOM,pos:verb_pseudo enc0:1p_pron,verb_pseudo,pos:verb_pseudo enc0:1p_pron,,,,[STEM-BASE]
324,325,NTWS,NTWS,NTWS,LEXICON,[STEM],PSEUDO_VERB,ka>an~a,ka>an~a,as_if;as_though;like,!PRON-iy,,,,,,,,,,CCONJ,PRT,pos:verb_pseudo,verb_pseudo,pos:verb_pseudo,,,,[STEM-BASE]
325,326,NTWS,NTWS,NTWS,LEXICON,[STEM-CONJ],PART,ka>an~amaA,ka>an~amaA,as_if;as_though;like,,,,,,,,,,,PART,PRT,pos:part,part,pos:part,,,,[STEM-BASE]
326,327,NTWS,NTWS,NTWS,LEXICON,[STEM-CONJ-PREP],INTERJ,kal~aA,kal~aA,not_at_all;definitely_not,,,,,,,,,,,INTJ,PRT,pos:interj,interj,pos:interj,,,,[STEM-BASE]
327,328,NTWS,NTWS,NTWS,LEXICON,[STEM-CONJ],CONJ,kamaA,kamaA,and;as;also,,,,,,,,,,,CCONJ,PRT,pos:conj,conj,pos:conj,,,,[STEM-BASE]
328,329,NTWS,NTWS,NTWS,LEXICON,[STEM-CONJ-PREP],INTERROG_PRON,kamo,kamo,how_many/much,,,,,,,,,,,PRON,NOM,pos:pron_interrog,pron_interrog,pos:part_interrog,,,,[STEM-BASE]
329,330,NTWS,NTWS,NTWS,LEXICON,[STEM-CONJ-PREP],REL_ADV,kamo,kamo,how,,,,,,,,,,,ADV,NOM,pos:adv_rel stt:i cas:u,adv_rel,pos:adv_rel stt:i cas:u,,,,[STEM-BASE]
330,331,NTWS,NTWS,NTWS,LEXICON,[STEM-CONJ-PREP],REL_PRON,kamo,kamo,how_many/much,,,,,,,,,,,PRON,NOM,pos:pron_rel rat:n gen:m num:s stt:i cas:u,pron_rel,pos:pron_rel rat:n gen:m num:s stt:i cas:u,,,,[STEM-BASE]
331,332,NTWS,NTWS,NTWS,LEXICON,[STEM-CONJ],SUB_CONJ,kayo,kayo,in_order_(to);so_(that);for,,,,,,,,,,,SCONJ,PRT,pos:conj_sub,conj_sub,pos:conj_sub,,,,[STEM-BASE]
332,333,NTWS,NTWS,NTWS,LEXICON,[STEM-CONJ],kayo/SUB_CONJ+laA/NEG_PART,kayo,kayolaA,in_order_not_to,,,kayo_+laA,kayo_+laA,,,,,kayo_+laA,kayo_+laA,SCONJ+PART,PRT+PRT,pos:conj_sub enc0:lA_neg,conj_sub,pos:conj_sub enc0:lA_neg,,,,[STEM-COMPOUND]
333,334,NTWS,NTWS,NTWS,LEXICON,[STEM-CONJ],li/PREP+kayo/SUB_CONJ,kayo,likayo,in_order_to,,,li+_kayo,li+_kayo,li+_kayo,li+_kayo,,,li+_kayo,li+_kayo,ADP+SCONJ,PRT+PRT,pos:conj_sub prc1:li_prep,conj_sub,pos:conj_sub prc1:li_prep,,,,[STEM-COMPOUND]
334,335,NTWS,NTWS,NTWS,LEXICON,[STEM-CONJ],li/PREP+kayo/SUB_CONJ+laA/NEG_PART,kayo,likayolaA,in_order_not_to,,,li+_kayo_+laA,li+_kayo_+laA,li+_kayolaA,li+_kaylaA,,,li+_kayo_+laA,li+_kayo_+laA,ADP+SCONJ+PART,PRT+PRT+PRT,pos:conj_sub prc1:li_prep enc0:lA_neg,conj_sub,pos:conj_sub prc1:li_prep enc0:lA_neg,,D2TOK in Calima is wrong,,[STEM-COMPOUND]
335,336,NTWS,NTWS,NTWS,LEXICON,[STEM-CONJ-PREP],INTERROG_ADV,kayofa,kayofa,how,,,,,,,,,,,ADV,NOM,pos:adv_interrog,adv_interrog,pos:part_interrog,,,,[STEM-BASE]
336,337,NTWS,NTWS,NTWS,LEXICON,[STEM-CONJ-PREP],REL_ADV,kayofa,kayofa,how,,,,,,,,,,,ADV,NOM,pos:adv_rel stt:i cas:u,adv_rel,pos:adv_rel stt:i cas:u,,,,[STEM-BASE]
337,338,NTWS,NTWS,NTWS,LEXICON,[STEM-CONJ],REL_ADV,kayofamaA,kayofamaA,whichever/however,,,,,,,,,,,ADV,NOM,pos:adv_rel gen:u stt:i cas:u,adv_rel,pos:adv_rel gen:u stt:i cas:u,,,,[STEM-BASE]
338,339,NTWS,NTWS,NTWS,LEXICON,[STEM-CONJ],SUB_CONJ,kayomaA,kayomaA,in_order_to,,,,,,,,,,,SCONJ,PRT,pos:conj_sub,conj_sub,pos:conj_sub,,,,[STEM-BASE]
339,340,NTWS,NTWS,NTWS,LEXICON,[STEM-CONST],NOUN_QUANT,kilaA,kil,both_of,MD||FD,,,,,,,,,,NOUN,NOM,pos:noun_quant gen:- num:- rat:r stt:c,noun_quant,pos:noun_quant gen:- num:- rat:r stt:c,,,,
340,341,NTWS,NTWS,NTWS,LEXICON,[STEM-CONJ-PREP],ABBREV,kiyh,kiyh,K.,,,,,,,,,,,NOUN,NOM,pos:abbrev,abbrev,pos:abbrev,,,,[STEM-BASE]
341,342,NTWS,NTWS,NTWS,LEXICON,[STEM-CONJ-PREP],ABBREV,kjm,kg,kilogram,,,,,,,,,,,NOUN,NOM,pos:abbrev,abbrev,pos:abbrev,,,,[STEM-BASE]
342,343,NTWS,NTWS,NTWS,LEXICON,[STEM-CONJ-PREP],ABBREV,kjm,kgm,kilogram,,,,,,,,,,,NOUN,NOM,pos:abbrev,abbrev,pos:abbrev,,,,[STEM-BASE]
343,344,NTWS,NTWS,NTWS,LEXICON,[STEM-CONJ-PREP],ABBREV,kjm,kj,kilogram,,,,,,,,,,,NOUN,NOM,pos:abbrev,abbrev,pos:abbrev,,,,[STEM-BASE]
344,345,NTWS,NTWS,NTWS,LEXICON,[STEM-CONJ-PREP],ABBREV,kjm,kjm,kilogram,,,,,,,,,,,NOUN,NOM,pos:abbrev,abbrev,pos:abbrev,,,,[STEM-BASE]
345,346,NTWS,NTWS,NTWS,LEXICON,[STEM-CONJ-PREP],ABBREV,kjm,klg,kilogram,,,,,,,,,,,NOUN,NOM,pos:abbrev,abbrev,pos:abbrev,,,,[STEM-BASE]
346,347,NTWS,NTWS,NTWS,LEXICON,[STEM-CONJ-PREP],ABBREV,kjm,klj,kilogram,,,,,,,,,,,NOUN,NOM,pos:abbrev,abbrev,pos:abbrev,,,,[STEM-BASE]
347,348,NTWS,NTWS,NTWS,LEXICON,[STEM-CONJ-PREP],ABBREV,klm,klm,kilometer(s),,,,,,,,,,,NOUN,NOM,pos:abbrev,abbrev,pos:abbrev,,,,[STEM-BASE]
348,349,NTWS,NTWS,NTWS,LEXICON,[STEM-CONJ-PREP],ABBREV,km,km,kilometer(s),,,,,,,,,,,NOUN,NOM,pos:abbrev,abbrev,pos:abbrev,,,,[STEM-BASE]
349,350,NTWS,NTWS,NTWS,LEXICON,[STEM-CONJ],REL_ADV,kul~amaA,kul~amaA,whenever,,,,,,,,,,,ADV,NOM,pos:adv_rel stt:i cas:u,adv_rel,pos:adv_rel stt:i cas:u,,,,[STEM-BASE]
350,351,NTWS,NTWS,NTWS,LEXICON,[STEM-CONJ],REL_ADV,kul~amaA,kul~amaA,whenever,,,,,,,,,,,ADV,NOM,pos:adv_rel stt:i cas:u,adv_rel,pos:adv_rel stt:i cas:u,,,,[STEM-COMPOUND]
351,352,NTWS,NTWS,NTWS,LEXICON,[STEM-CONJ],l`kin~/PSEUDO_VERB+niy/PRON_1S,la`kin~a,la`kin~iy,But;however;yet;still;nevertheless;on_the_other_hand,,,la`kin~_+iy,la`kin~a_+niy,,,,,la`kin~_+iy,la`kin~a_+niy,CCONJ+PRON,PRT+NOM,pos:verb_pseudo enc0:1s_pron,verb_pseudo,pos:verb_pseudo enc0:1s_pron,,,,[STEM-BASE]
352,353,NTWS,NTWS,NTWS,LEXICON,[STEM-CONJ],l`kin~/PSEUDO_VERB+naA/PRON_1P,la`kin~a,la`kin~aA,But;however;yet;still;nevertheless;on_the_other_hand,,,la`kin~_+aA,la`kin~a_+naA,,,,,la`kin~_+aA,la`kin~a_+naA,CCONJ+PRON,PRT+NOM,pos:verb_pseudo enc0:1p_pron,verb_pseudo,pos:verb_pseudo enc0:1p_pron,,,,[STEM-BASE]
353,354,NTWS,NTWS,NTWS,LEXICON,[STEM-CONJ-PRON],PSEUDO_VERB,la`kin~a,la`kin~a,But;however;yet;still;nevertheless;on_the_other_hand,!PRON-iy,,,,,,,,,,CCONJ,PRT,pos:verb_pseudo,verb_pseudo,pos:verb_pseudo,,,,[STEM-BASE]
354,355,NTWS,NTWS,NTWS,LEXICON,[STEM-CONJ],CONJ,la`kino,la`kino,But;however;yet;still;nevertheless;on_the_other_hand,,,,,,,,,,,CCONJ,PRT,pos:conj,conj,pos:conj,,,,[STEM-BASE]
355,356,NTWS,NTWS,NTWS,LEXICON,[STEM-CONJ],CONJ,laA,laA,"nor,neither",,,,,,,,,,,CCONJ,PRT,pos:conj,conj,pos:conj,,,,[STEM-BASE]
356,357,NTWS,NTWS,NTWS,LEXICON,[STEM-CONJ-PREP],INTERJ,laA,laA,no,,,,,,,,,,,INTJ,PRT,pos:interj,interj,pos:interj,,,,[STEM-BASE]
357,358,NTWS,NTWS,NTWS,LEXICON,[STEM-CONJ-PREP],NEG_PART,laA,laA,no;not;non-,,,,,,,,,,,PART,PRT,pos:part_neg,part_neg,pos:part_neg,,,,[STEM-BASE]
358,359,NTWS,NTWS,NTWS,LEXICON,[STEM-CONJ],PSEUDO_VERB,laA,laA,no,,,,,,,,,,,CCONJ,PRT,pos:verb_pseudo,verb_pseudo,pos:verb_pseudo,,,,[STEM-BASE]
359,360,NTWS,NTWS,NTWS,LEXICON,[STEM-CONJ],NOUN,lab~ay,lab~ayoka,I_have_answered_you,,,,,,,,,,,NOUN,NOM,pos:noun gen:m num:s stt:i cas:u,noun,pos:noun gen:m num:s stt:i cas:u,CHECK,,,[STEM-BASE]
360,361,NTWS,NTWS,NTWS,LEXICON,[STEM-CONJ-PREP],INTERJ,lab~ayok,lab~ayok,"labbeik_(part_of_the_magical_encantation_""shubbeik_labbeik"":_approx._""alakazam"")",,,,,,,,,,,INTJ,PRT,pos:interj,interj,pos:interj,,,,[STEM-BASE]
361,362,l.d.y,NTWS,NTWS,LEXICON,[STEM-POSS],NOUN,ladaY,ladaY,by;with,!enc0,,,,,,,,,,NOUN,NOM,pos:noun gen:m num:s stt:c cas:u,noun,pos:noun gen:m num:s stt:c cas:u,,,,[STEM-BASE]
362,363,l.d.y,NTWS,NTWS,LEXICON,[STEM-POSS],NOUN,ladaY,ladayo,by;with,enc0,#^ay,,,,,,,,,NOUN,NOM,pos:noun gen:m num:s stt:c cas:u,noun,pos:noun gen:m num:s stt:c cas:u,,,,[STEM-BASE]
363,364,NTWS,NTWS,NTWS,LEXICON,[STEM-CONJ],laEal~/PSEUDO_VERB+niy/PRON_1S,laEal~a,laEal~iy,perhaps;maybe,,,laEal~_+iy,laEal~a_+niy,,,,,laEal~_+iy,laEal~a_+niy,CCONJ+PRON,PRT+NOM,pos:verb_pseudo enc0:1s_pron,verb_pseudo,pos:verb_pseudo enc0:1s_pron,,,,[STEM-BASE]
364,365,NTWS,NTWS,NTWS,LEXICON,[STEM-CONJ-PRON],PSEUDO_VERB,laEal~a,laEal~a,perhaps;maybe,!PRON-iy,,,,,,,,,,CCONJ,PRT,pos:verb_pseudo,verb_pseudo,pos:verb_pseudo,,,,[STEM-BASE]
365,366,NTWS,NTWS,NTWS,LEXICON,[STEM-CONJ-PREP],INTERJ,laEamriy,laEamriy,I_swear_by_my_life,,,,,,,,,,,INTJ,PRT,pos:interj,interj,pos:interj,,,,[STEM-COMPOUND]
366,367,NTWS,NTWS,NTWS,LEXICON,[STEM-CONJ],ADV,laHoZata}i*K,laHoZata}i*K,at_that_moment,,,,,,,,,,,ADV,NOM,pos:adv stt:i cas:u,adv,pos:adv stt:i cas:u,,,,[STEM-BASE]
367,368,NTWS,NTWS,NTWS,LEXICON,[STEM-CONJ],NEG_PART,lam~aA,lam~aA,not;not_yet,,,,,,,,,,,PART,PRT,pos:part_neg,part_neg,pos:part_neg,,,,[STEM-BASE]
368,369,NTWS,NTWS,NTWS,LEXICON,[STEM-CONJ],SUB_CONJ,lam~aA,lam~aA,as;when,,,,,,,,,,,SCONJ,PRT,pos:conj_sub,conj_sub,pos:conj_sub,,,,[STEM-BASE]
369,370,NTWS,NTWS,NTWS,LEXICON,[STEM-CONJ],NEG_PART,lamo,lamo,did_not,,,,,,,,,,,PART,PRT,pos:part_neg,part_neg,pos:part_neg,,,,[STEM-BASE]
370,371,NTWS,NTWS,NTWS,LEXICON,[STEM-CONJ],mA/PART+lamo/NEG_PART,lamo,maAlam,unless,,,maA+_lamo,maA+_lamo,maA+_lamo,maA+_lamo,,,maA+_lamo,maA+_lamo,PART+PART,PRT+PRT,pos:part_neg prc0:mA_part,part_neg,pos:part_neg prc0:mA_part,,,,[STEM-COMPOUND]
371,372,NTWS,NTWS,NTWS,LEXICON,[STEM-CONJ],NEG_PART,lano,lano,not;never;nevermore,,,,,,,,,,,PART,PRT,pos:part_neg,part_neg,pos:part_neg,,,,[STEM-BASE]
372,373,NTWS,NTWS,NTWS,LEXICON,[STEM-CONJ],SUB_CONJ,lawo,lawo,if,,,,,,,,,,,SCONJ,PRT,pos:conj_sub,conj_sub,pos:conj_sub,,,,[STEM-BASE]
373,374,NTWS,NTWS,NTWS,LEXICON,[STEM-CONJ-PRON],SUB_CONJ,lawolaA,lawolaA,except_for;had_it_not_been_for;if_not;unless,,,,,,,,,,,SCONJ,PRT,pos:conj_sub,conj_sub,pos:conj_sub,,,,[STEM-BASE]
374,375,NTWS,NTWS,NTWS,LEXICON,[STEM-CONJ],ADV,layolata}i*K,layolata}i*K,on_that_night,,,,,,,,,,,ADV,NOM,pos:adv stt:i cas:u,adv,pos:adv stt:i cas:u,,,,[STEM-BASE]
375,376,NTWS,NTWS,NTWS,LEXICON,[STEM-CONJ],NEG_PART,layosa,layosa,not,,,,,,,,,,,PART,PRT,pos:part_neg,part_neg,pos:part_neg,,,,[STEM-BASE]
376,377,NTWS,NTWS,NTWS,LEXICON,[STEM-CONJ-PRON],PSEUDO_VERB,layota,layota,Would_that!;would_God!;I_wish!;if_only!,!PRON-iy,,,,,,,,,,CCONJ,PRT,pos:verb_pseudo,verb_pseudo,pos:verb_pseudo,,,,[STEM-BASE]
377,378,NTWS,NTWS,NTWS,LEXICON,[STEM-CONJ-PREP],ABBREV,li,l,L.;12th;(pounds/lira),,,,,,,,,,,NOUN,NOM,pos:abbrev,abbrev,pos:abbrev,,,,[STEM-BASE]
378,379,NTWS,NTWS,NTWS,LEXICON,[STEM-CONJ-PRON],PREP,li,la,to;for,enc0 !PRON-iy,,,,,,,,,,ADP,PRT,pos:prep,prep,pos:prep,,,,[STEM-BASE]
379,380,NTWS,NTWS,NTWS,LEXICON,[STEM-CONJ],li/PREP+iy/PRON_1S,li,liy,to;for,,,li_+y,li_+iy,,,,,li_+y,li_+iy,ADP+PRON,PRT+NOM,pos:prep enc0:1s_pron,prep,pos:prep enc0:1s_pron,,,,[STEM-BASE]
380,381,NTWS,NTWS,NTWS,LEXICON,[STEM-CONJ],li/PREP+iy/PRON_1S,li,liya,to;for,,,li_+ya,li_+iy,,,,,li_+ya,li_+iy,ADP+PRON,PRT+NOM,pos:prep enc0:1s_pron,prep,pos:prep enc0:1s_pron,,,,[STEM-BASE]
381,382,NTWS,NTWS,NTWS,LEXICON,[STEM-CONJ],PREP,li,li,to;for,,C:i#,,,,,,,,,ADP,PRT,pos:prep,prep,pos:prep,,,,[STEM-BASE]
382,383,NTWS,NTWS,NTWS,LEXICON,[STEM-CONJ],INTERROG_ADV,lima,lima,why,,,,,,,,,,,ADV,NOM,pos:adv_interrog,adv_interrog,pos:part_interrog,,,,[STEM-BASE]
383,384,NTWS,NTWS,NTWS,LEXICON,[STEM-CONJ],REL_ADV,lima,lima,why,,,,,,,,,,,ADV,NOM,pos:adv_rel stt:i cas:u,adv_rel,pos:adv_rel stt:i cas:u,,,,[STEM-BASE]
384,385,NTWS,NTWS,NTWS,LEXICON,[STEM-CONJ],REL_ADV,limaA,limaA,why,,,,,,,,,,,ADV,NOM,pos:adv_rel stt:i cas:u,adv_rel,pos:adv_rel stt:i cas:u,,,,[STEM-BASE]
385,386,NTWS,NTWS,NTWS,LEXICON,[STEM-CONJ],INTERROG_ADV,limaA*aA,limaA*aA,why,,,,,,,,,,,ADV,NOM,pos:adv_interrog,adv_interrog,pos:part_interrog,,,,[STEM-BASE]
386,387,NTWS,NTWS,NTWS,LEXICON,[STEM-CONJ],REL_ADV,limaA*aA,limaA*aA,why,,,,,,,,,,,ADV,NOM,pos:adv_rel stt:i cas:u,adv_rel,pos:adv_rel stt:i cas:u,,,,[STEM-BASE]
387,388,NTWS,NTWS,NTWS,LEXICON,[STEM-CONJ-PREP],ABBREV,m,m,(A.D.);M;13th;meter,,,,,,,,,,,NOUN,NOM,pos:abbrev,abbrev,pos:abbrev,,,,[STEM-BASE]
388,389,NTWS,NTWS,NTWS,LEXICON,[STEM-CONJ],fiy/PREP+maA/REL_PRON,maA,fiymaA,while;as;during,,,fiy_+maA,fiy_+maA,fiy_+maA,fiy_+maA,,,fiy_+maA,fiy_+maA,ADP+PRON,PRT+NOM,pos:pron_rel prc1:fiy_prep,pron_rel,pos:pron_rel prc1:fiy_prep,,Check,,[STEM-BASE]
389,390,NTWS,NTWS,NTWS,LEXICON,[STEM-CONJ],bi/PREP+maA/INTERROG_PRON,maA,bima,with+what/which,,,bi+_ma,bi+_maA,bi+_ma,bi+_maA,,,bi+_ma,bi+_maA,ADP+PRON,PRT+NOM,pos:pron_interrog prc1:bi_prep,pron_interrog,pos:part_interrog prc1:bi_prep,,Check,,[STEM-COMPOUND]
390,391,NTWS,NTWS,NTWS,LEXICON,[STEM-CONJ],la/EMPHATIC_PART+maA/NEG_PART,maA,lamaA,did_not,,,la+_maA,la+_maA,la+_maA,la+_maA,,,la+_maA,la+_maA,PART+PART,PRT+PRT,pos:part_neg prc1:la_emph,part_neg,pos:part_neg prc1:la_emph,,Check,,[STEM-COMPOUND]
391,392,NTWS,NTWS,NTWS,LEXICON,[STEM-CONJ],la/RC_PART+maA/NEG_PART,maA,lamaA,would_not_have,,,la+_maA,la+_maA,la+_maA,la+_maA,,,la+_maA,la+_maA,PART+PART,PRT+PRT,pos:part_neg prc1:la_rc,part_neg,pos:part_neg prc1:la_rc,,,,[STEM-COMPOUND]
392,393,NTWS,NTWS,NTWS,LEXICON,[STEM-CONJ],EXCLAM_PRON,maA,maA,what/how,,,,,,,,,,,PART,NOM,pos:pron_exclam stt:i cas:u,pron_exclam,pos:pron_exclam stt:i cas:u,,,,[STEM-BASE]
393,394,NTWS,NTWS,NTWS,LEXICON,[STEM-CONJ],INTERROG_PRON,maA,maA,what/which,,,,,,,,,,,PRON,NOM,pos:pron_interrog,pron_interrog,pos:part_interrog,,,,[STEM-BASE]
394,395,NTWS,NTWS,NTWS,LEXICON,[STEM-CONJ],NEG_PART,maA,maA,not,,,,,,,,,,,PART,PRT,pos:part_neg,part_neg,pos:part_neg,,,,[STEM-BASE]
395,396,NTWS,NTWS,NTWS,LEXICON,[STEM-CONJ],PART,maA,maA,which,,,,,,,,,,,PART,PRT,pos:part,part,pos:part,,,,[STEM-BASE]
396,397,NTWS,NTWS,NTWS,LEXICON,[STEM-CONJ-PREP],REL_PRON,maA,maA,what/which,,,,,,,,,,,PRON,NOM,pos:pron_rel rat:n gen:m num:s stt:i cas:u,pron_rel,pos:pron_rel rat:n gen:m num:s stt:i cas:u,,,,[STEM-BASE]
397,398,NTWS,NTWS,NTWS,LEXICON,[STEM-CONJ-PREP],SUB_CONJ,maA,maA,that/if/unless/whether/as_long_as/as_soon_as,,,,,,,,,,,SCONJ,PRT,pos:conj_sub,conj_sub,pos:conj_sub,,,,[STEM-BASE]
398,399,NTWS,NTWS,NTWS,LEXICON,[STEM-CONJ-PREP],INTERROG_PRON,maA*aA,maA*aA,what,,,,,,,,,,,PRON,NOM,pos:pron_interrog,pron_interrog,pos:part_interrog,,,,[STEM-BASE]
399,400,NTWS,NTWS,NTWS,LEXICON,[STEM-CONJ-PREP],REL_PRON,maA*aA,maA*aA,what,,,,,,,,,,,PRON,NOM,pos:pron_rel rat:n gen:m num:s stt:i cas:u,pron_rel,pos:pron_rel rat:n gen:m num:s stt:i cas:u,,,,[STEM-BASE]
400,401,NTWS,NTWS,NTWS,LEXICON,[STEM-CONJ-PRON],PREP,maAEadaA,maAEadaA,except_for,,C:A#,,,,,,,,,ADP,PRT,pos:prep,prep,pos:prep,,,,[STEM-BASE]
401,402,NTWS,NTWS,NTWS,LEXICON,[STEM-CONJ],REL_PRON,maAhuwa,maAhuwa,what,,,,,,,,,,,PRON,NOM,pos:pron_rel rat:n gen:m num:s stt:i cas:u,pron_rel,pos:pron_rel rat:n gen:m num:s stt:i cas:u,,,,[STEM-BASE]
402,403,NTWS,NTWS,NTWS,LEXICON,[STEM-CONJ-PRON],PREP,maAxalaA,maAxalaA,except_for,,C:A#,,,,,,,,,ADP,PRT,pos:prep,prep,pos:prep,,,,[STEM-BASE]
403,404,NTWS,NTWS,NTWS,LEXICON,[STEM-CONJ-PREP],REL_PRON,mahomaA,mahomaA,whatever;often;frequently;oftentimes;many_times;many_a_time;repeatedly;continually;constantly,,,,,,,,,,,PRON,NOM,pos:pron_rel rat:n gen:m num:s stt:i cas:u,pron_rel,pos:pron_rel rat:n gen:m num:s stt:i cas:u,,,,[STEM-BASE]
404,405,NTWS,NTWS,NTWS,LEXICON,[STEM-CONJ],SUB_CONJ,mahomaA,mahomaA,whatever;often;frequently;oftentimes;many_times;many_a_time;repeatedly;continually;constantly,,,,,,,,,,,SCONJ,PRT,pos:conj_sub,conj_sub,pos:conj_sub,,,,[STEM-BASE]
405,406,NTWS,NTWS,NTWS,LEXICON,[STEM-CONJ-PREP],INTERROG_PRON,mano,mano,who/whom,,,,,,,,,,,PRON,NOM,pos:pron_interrog,pron_interrog,pos:part_interrog,,,,[STEM-BASE]
406,407,NTWS,NTWS,NTWS,LEXICON,[STEM-CONJ-PREP],REL_PRON,mano,mano,who/whom,,,,,,,,,,,PRON,NOM,pos:pron_rel rat:n gen:m num:s stt:i cas:u,pron_rel,pos:pron_rel rat:n gen:m num:s stt:i cas:u,,,,[STEM-BASE]
407,408,NTWS,NTWS,NTWS,LEXICON,[STEM-CONJ-PREP],INTERROG_ADV,mataY,mataY,when,,,,,,,,,,,ADV,NOM,pos:adv_interrog,adv_interrog,pos:part_interrog,,,,[STEM-BASE]
408,409,NTWS,NTWS,NTWS,LEXICON,[STEM-CONJ-PREP],REL_ADV,mataY,mataY,when,,,,,,,,,,,ADV,NOM,pos:adv_rel stt:i cas:u,adv_rel,pos:adv_rel stt:i cas:u,,,,[STEM-BASE]
409,410,NTWS,NTWS,NTWS,LEXICON,[STEM-CONJ-PRON],la/EMPHATIC_PART+mino/PREP,mino,lamin,indeed;indeed+from,!PRON-iy,C:n#,la+_mino,la+_mino,la+_mino,la+_mino,,,la+_mino,la+_mino,PART+ADP,PRT+PRT,pos:prep prc1:la_emph,prep,pos:prep prc1:la_emph,,,,[STEM-COMPOUND]
410,411,NTWS,NTWS,NTWS,LEXICON,[STEM-CONJ-PRON],PREP,mino,min%n,from,!PRON-iy,C:n#,,,,,,,,,ADP,PRT,pos:prep,prep,pos:prep,,,,[STEM-BASE]
411,412,NTWS,NTWS,NTWS,LEXICON,[STEM-CONJ-PREP],PART,mino,min%n,from,,,,,,,,,,,PART,PRT,pos:part,part,pos:part,,,,[STEM-BASE]
412,413,NTWS,NTWS,NTWS,LEXICON,[STEM-CONJ],mino/PREP+maA/INTERROG_PRON,mino,mim~a,from+what/which,,,mim_+~aA,mino_+maA,mim_+~aA,mino_+maA,,,mim_+~aA,mino_+maA,ADP+PRON,PRT+NOM,pos:prep enc0:mA_interrog,prep,pos:prep enc0:mA_interrog,,,,[STEM-COMPOUND]
413,414,NTWS,NTWS,NTWS,LEXICON,[STEM-CONJ],mino/PREP+maA/INTERROG_PRON,mino,mim~aA,from+what/which,,,mim_+~aA,mino_+maA,mim_+~aA,mino_+maA,,,mim_+~aA,mino_+maA,ADP+PRON,PRT+NOM,pos:prep enc0:mA_interrog,prep,pos:prep enc0:mA_interrog,,,,[STEM-COMPOUND]
414,415,NTWS,NTWS,NTWS,LEXICON,[STEM-CONJ],mino/PREP+maA/REL_PRON,mino,mim~a,from+what/which,,,mim_+~aA,mino_+maA,mim_+~aA,mino_+maA,,,mim_+~aA,mino_+maA,ADP+PRON,PRT+NOM,pos:prep enc0:mA_rel,prep,pos:prep enc0:mA_rel,,,,[STEM-COMPOUND]
415,416,NTWS,NTWS,NTWS,LEXICON,[STEM-CONJ],mino/PREP+maA/REL_PRON,mino,mim~aA,from+what/which,,,mim_+~aA,mino_+maA,mim_+~aA,mino_+maA,,,mim_+~aA,mino_+maA,ADP+PRON,PRT+NOM,pos:prep enc0:mA_rel,prep,pos:prep enc0:mA_rel,,,,[STEM-COMPOUND]
416,417,NTWS,NTWS,NTWS,LEXICON,[STEM-CONJ],mino/PREP+maA/SUB_CONJ,mino,mim~a,from+that/if/unless/whether/as_long_as/as_soon_as,,,mim_+~aA,mino_+maA,mim_+~aA,mino_+maA,,,mim_+~aA,mino_+maA,ADP+SCONJ,PRT+PRT,pos:prep enc0:mA_sub,prep,pos:prep enc0:mA_sub,,,,[STEM-COMPOUND]
417,418,NTWS,NTWS,NTWS,LEXICON,[STEM-CONJ],mino/PREP+maA/SUB_CONJ,mino,mim~aA,from+that/if/unless/whether/as_long_as/as_soon_as,,,mim_+~aA,mino_+maA,mim_+~aA,mino_+maA,,,mim_+~aA,mino_+maA,ADP+SCONJ,PRT+PRT,pos:prep enc0:mA_sub,prep,pos:prep enc0:mA_sub,,,,[STEM-COMPOUND]
418,419,NTWS,NTWS,NTWS,LEXICON,[STEM-CONJ],mino/PREP+mano/INTERROG_PRON,mino,mim~an,from+whom,,,mim_+~ano,mino_+mano,mim_+~ano,mino_+mano,,,mim_+~ano,mino_+mano,ADP+PRON,PRT+NOM,pos:prep enc0:man_interrog,prep,pos:prep enc0:man_interrog,,,,[STEM-COMPOUND]
419,420,NTWS,NTWS,NTWS,LEXICON,[STEM-CONJ],mino/PREP+mano/REL_PRON,mino,mim~an,from+whom,,,mim_+~ano,mino_+mano,mim_+~ano,mino_+mano,,,mim_+~ano,mino_+mano,ADP+PRON,PRT+NOM,pos:prep enc0:man_rel,prep,pos:prep enc0:man_rel,,,,[STEM-COMPOUND]
420,421,m.v.l,NTWS,NTWS,LEXICON,[STEM-CONJ],mivol/NOUN+a/CASE_DEF_ACC+maA/REL_PRON,mivol,mivolamaA,something_like;like;as,,,mivola_+maA,mivola_+maA,,,,,mivola_+maA,mivola_+maA,NOUN+PRON,NOM+NOM,pos:noun gen:m num:s enc0:mA_rel stt:c cas:a,noun,pos:noun gen:m num:s enc0:mA_rel stt:c cas:a,,,,[STEM-COMPOUND]
421,422,m.v.l,NTWS,NTWS,LEXICON,[STEM-CONJ],mivol/NOUN+a/CASE_DEF_ACC+maA/SUB_CONJ,mivol,mivolamaA,something_like;like;as,,,mivola_+maA,mivola_+maA,,,,,mivola_+maA,mivola_+maA,NOUN+SCONJ,NOM+PRT,pos:noun gen:m num:s enc0:mA_sub stt:c cas:a,noun,pos:noun gen:m num:s enc0:mA_sub stt:c cas:a,,,,[STEM-COMPOUND]
422,423,NTWS,NTWS,NTWS,LEXICON,[STEM-CONJ-PREP],ABBREV,mlm,mlm,millimeter,,,,,,,,,,,NOUN,NOM,pos:abbrev,abbrev,pos:abbrev,,,,[STEM-BASE]
423,424,NTWS,NTWS,NTWS,LEXICON,[STEM-CONJ-PREP],ABBREV,mlm,mm,millimeter,,,,,,,,,,,NOUN,NOM,pos:abbrev,abbrev,pos:abbrev,,,,[STEM-BASE]
424,425,NTWS,NTWS,NTWS,LEXICON,[STEM-CONJ],ADV,mu*~aAka,mu*~aAka,since_then,,,,,,,,,,,ADV,NOM,pos:adv stt:i cas:u,adv,pos:adv stt:i cas:u,,,,[STEM-BASE]
425,426,NTWS,NTWS,NTWS,LEXICON,[STEM-CONJ],PREP,mu*o,mu*o,since,,,,,,,,,,,ADP,PRT,pos:prep,prep,pos:prep,,,,[STEM-BASE]
426,427,NTWS,NTWS,NTWS,LEXICON,[STEM],NOUN,mu*o,mu*o,the_time_since,,,,,,,,,,,NOUN,NOM,pos:noun gen:m num:s stt:i cas:u,noun,pos:noun gen:m num:s stt:i cas:u,,,,[STEM-BASE]
427,428,NTWS,NTWS,NTWS,LEXICON,[STEM-CONJ],ADV,mudo*aAka,mudo*aAka,since_then,,,,,,,,,,,ADV,NOM,pos:adv stt:i cas:u,adv,pos:adv stt:i cas:u,,,,[STEM-BASE]
428,429,NTWS,NTWS,NTWS,LEXICON,[STEM-CONJ],PREP,muno*u,muno*u,since;for;in;ago,,,,,,,,,,,ADP,PRT,pos:prep,prep,pos:prep,,,,[STEM-BASE]
429,430,NTWS,NTWS,NTWS,LEXICON,[STEM-CONJ-PREP],ABBREV,mv,mv,fem.,,,,,,,,,,,NOUN,NOM,pos:abbrev,abbrev,pos:abbrev,,,,[STEM-BASE]
430,431,NTWS,NTWS,NTWS,LEXICON,[STEM-CONJ-PREP],ABBREV,n,n,N.;14th,,,,,,,,,,,NOUN,NOM,pos:abbrev,abbrev,pos:abbrev,,,,[STEM-BASE]
431,432,NTWS,NTWS,NTWS,LEXICON,[STEM-CONJ-PREP],INTERJ,naEam,naEam,yes,,,,,,,,,,,INTJ,PRT,pos:interj,interj,pos:interj,,,,[STEM-BASE]
432,433,NTWS,NTWS,NTWS,LEXICON,[STEM-CONJ],haA/DEM_PRON+naHonu/PRON_1P,naHonu,haAnaHonu,here_we_are,,,haA+_naHonu,haA+_naHonu,haA+_naHonu,haA+_naHonu,,,haA+_naHonu,haA+_naHonu,DET+PRON,NOM+NOM,pos:pron prc1:hA_dem per:1 gen:m num:p stt:d cas:n rat:r,pron,pos:pron prc1:hA_dem per:1 gen:m num:p stt:d cas:n rat:r,,,,[STEM-COMPOUND]
433,434,NTWS,NTWS,NTWS,LEXICON,[STEM-CONJ],PRON_1P,naHonu,naHonu,we,,,,,,,,,,,PRON,NOM,pos:pron per:1 gen:m num:p stt:d cas:n rat:r,pron,pos:pron per:1 gen:m num:p stt:d cas:n rat:r,,,,[STEM-BASE]
434,435,NTWS,NTWS,NTWS,LEXICON,[STEM-CONJ-PREP],ABBREV,q,q,Q.;Qatari;19th;(before);(piaster),,,,,,,,,,,NOUN,NOM,pos:abbrev,abbrev,pos:abbrev,,,,[STEM-BASE]
435,436,q.b.l,NTWS,NTWS,LEXICON,[STEM-CONJ],qabol/NOUN+a/CASE_DEF_ACC+maA/SUB_CONJ,qabol,qabolamaA,before_that,,,qabola_+maA,qabola_+maA,,,,,qabola_+maA,qabola_+maA,NOUN+SCONJ,NOM+PRT,pos:noun gen:m num:s enc0:mA_sub stt:c cas:a,noun,pos:noun gen:m num:s enc0:mA_sub stt:c cas:a,,,,[STEM-COMPOUND]
436,437,q.b.l,NTWS,NTWS,LEXICON,[STEM-CONJ],ADV,qabola}i*K,qabola}i*K,before_then,,,,,,,,,,,ADV,NOM,pos:adv stt:i cas:u,adv,pos:adv stt:i cas:u,,,,[STEM-BASE]
437,438,NTWS,NTWS,NTWS,LEXICON,[STEM-CONJ],la/EMPHATIC_PART+qado/VERB_PART,qado,laqado,already,,,la+_qado,la+_qado,la+_qado,la+_qado,,,la+_qado,la+_qado,AUX,PRT,pos:part_verb,part_verb,pos:part_verb,,manually added D3 ,,[STEM-BASE]
438,439,NTWS,NTWS,NTWS,LEXICON,[STEM-CONJ],VERB_PART,qado,qado,may;might;perhaps;maybe;possibly;probably,,,,,,,,,,,AUX,PRT,pos:part_verb,part_verb,pos:part_verb,,,,[STEM-BASE]
439,440,q.T.T,NTWS,NTWS,LEXICON,[STEM-CONJ],ADV,qaT~u,qaT~u,ever;at_all,,,,,,,,,,,ADV,NOM,pos:adv stt:i cas:u,adv,pos:adv stt:i cas:u,,,,[STEM-BASE]
440,441,q.T.T,NTWS,NTWS,LEXICON,[STEM-CONJ],ADV,qaTo,qaTo,ever;at_all,,,,,,,,,,,ADV,NOM,pos:adv stt:i cas:u,adv,pos:adv stt:i cas:u,,Should it be qaT~?,,[STEM-BASE]
441,442,NTWS,NTWS,NTWS,LEXICON,[STEM-CONJ-PREP],ABBREV,r,r,R.;20th;(Reuters);(rial),,,,,,,,,,,NOUN,NOM,pos:abbrev,abbrev,pos:abbrev,,,,[STEM-BASE]
442,443,r.y.v,NTWS,NTWS,LEXICON,[STEM-CONJ],SUB_CONJ,rayovamaA,rayovamaA,as_long_as;until,,,,,,,,,,,SCONJ,PRT,pos:conj_sub,conj_sub,pos:conj_sub,,,,[STEM-BASE]
443,444,NTWS,NTWS,NTWS,LEXICON,[STEM-CONJ],PART,rub~a,rub~a,"many_a_(time,_man,_etc)",,,,,,,,,,,PART,PRT,pos:part,part,pos:part,,,,[STEM-BASE]
444,445,NTWS,NTWS,NTWS,LEXICON,[STEM-CONJ],ADV,rub~amaA,rub~amaA,perhaps;maybe,,,,,,,,,,,ADV,NOM,pos:adv stt:i cas:u,adv,pos:adv stt:i cas:u,,,,[STEM-BASE]
445,446,NTWS,NTWS,NTWS,LEXICON,[STEM-CONJ-PREP],ABBREV,s,s,S.;15th;(question);(hour),,,,,,,,,,,NOUN,NOM,pos:abbrev,abbrev,pos:abbrev,,,,[STEM-BASE]
446,447,NTWS,NTWS,NTWS,LEXICON,[STEM-CONJ-PREP],ABBREV,S,S,S.;(page);18th,,,,,,,,,,,NOUN,NOM,pos:abbrev,abbrev,pos:abbrev,,,,[STEM-BASE]
447,448,s.w.E,NTWS,NTWS,LEXICON,[STEM-CONJ],ADV,saAEata}i*K,saAEata}i*K,at_that_hour/time,,,,,,,,,,,ADV,NOM,pos:adv stt:i cas:u,adv,pos:adv stt:i cas:u,,,,[STEM-BASE]
448,449,s.b.E,NTWS,NTWS,LEXICON,[STEM-ACCUSATIVE],NOUN,saboEami}ap,saboEami},seven-hundred,FS,X100,,,,,,,,,NOUN,NOM,pos:noun gen:- num:- rat:i cas:a,noun,pos:noun gen:- num:- rat:i cas:a,,,,
449,450,s.b.E,NTWS,NTWS,LEXICON,[STEM-GENITIVE],NOUN,saboEami}ap,saboEimi},seven-hundred,FS,X100,,,,,,,,,NOUN,NOM,pos:noun gen:- num:- rat:r cas:g,noun,pos:noun gen:- num:- rat:r cas:g,,,,
450,451,s.b.E,NTWS,NTWS,LEXICON,[STEM-NOMINATIVE],NOUN,saboEami}ap,saboEumi},seven-hundred,FS,X100,,,,,,,,,NOUN,NOM,pos:noun gen:- num:- rat:r cas:n,noun,pos:noun gen:- num:- rat:r cas:n,,,,
451,452,s.b.E,NTWS,NTWS,LEXICON,[STEM-ACCUSATIVE],NOUN,saboEamiA}ap,saboEamiA},seven-hundred,FS,X100,,,,,,,,,NOUN,NOM,pos:noun gen:- num:- rat:i cas:a,noun,pos:noun gen:- num:- rat:i cas:a,,,,
452,453,s.b.E,NTWS,NTWS,LEXICON,[STEM-GENITIVE],NOUN,saboEamiA}ap,saboEimiA},seven-hundred,FS,X100,,,,,,,,,NOUN,NOM,pos:noun gen:- num:- rat:r cas:g,noun,pos:noun gen:- num:- rat:r cas:g,,,,
453,454,s.b.E,NTWS,NTWS,LEXICON,[STEM-NOMINATIVE],NOUN,saboEamiA}ap,saboEumiA},seven-hundred,FS,X100,,,,,,,,,NOUN,NOM,pos:noun gen:- num:- rat:r cas:n,noun,pos:noun gen:- num:- rat:r cas:n,,,,
454,455,s.n.h,NTWS,NTWS,LEXICON,[STEM-CONJ],ADV,sanata*aAka,sanata*aAk,that_year,,,,,,,,,,,ADV,NOM,pos:adv stt:i cas:u,adv,pos:adv stt:i cas:u,,,,[STEM-BASE]
455,456,NTWS,NTWS,NTWS,LEXICON,[STEM-CONJ],ADV,sawaA,sawaA,together,,,,,,,,,,,ADV,NOM,pos:adv stt:i cas:u,adv,pos:adv stt:i cas:u,,,,[STEM-BASE]
456,457,NTWS,NTWS,NTWS,LEXICON,[STEM-CONJ],FUT_PART,sawofa,sawofa,will;shall,,,,,,,,,,,AUX,PRT,pos:part_fut,part_fut,pos:part_fut,,,,[STEM-BASE]
457,458,NTWS,NTWS,NTWS,LEXICON,[STEM-CONJ],la/EMPHATIC_PART+sawofa/FUT_PART,sawofa,lasawofa,will/shall_indeed,,,la+_sawofa,la+_sawofa,la+_sawofa,la+_sawofa,,,la+_sawofa,la+_sawofa,PART+AUX,PRT+PRT,pos:part_fut prc1:la_emph,part_fut,pos:part_fut prc1:la_emph,,,,[STEM-BASE]
458,459,s.t.t,NTWS,NTWS,LEXICON,[STEM-ACCUSATIVE],NOUN,sit~ami}ap,sit~ami},six-hundred,FS,X100,,,,,,,,,NOUN,NOM,pos:noun gen:- num:- rat:i cas:a,noun,pos:noun gen:- num:- rat:i cas:a,,,,
459,460,s.t.t,NTWS,NTWS,LEXICON,[STEM-GENITIVE],NOUN,sit~ami}ap,sit~imi},six-hundred,FS,X100,,,,,,,,,NOUN,NOM,pos:noun gen:- num:- rat:r cas:g,noun,pos:noun gen:- num:- rat:r cas:g,,,,
460,461,s.t.t,NTWS,NTWS,LEXICON,[STEM-NOMINATIVE],NOUN,sit~ami}ap,sit~umi},six-hundred,FS,X100,,,,,,,,,NOUN,NOM,pos:noun gen:- num:- rat:r cas:n,noun,pos:noun gen:- num:- rat:r cas:n,,,,
461,462,s.t.t,NTWS,NTWS,LEXICON,[STEM-ACCUSATIVE],NOUN,sit~amiA}ap,sit~amiA},six-hundred,FS,X100,,,,,,,,,NOUN,NOM,pos:noun gen:- num:- rat:i cas:a,noun,pos:noun gen:- num:- rat:i cas:a,,,,
462,463,s.t.t,NTWS,NTWS,LEXICON,[STEM-GENITIVE],NOUN,sit~amiA}ap,sit~imiA},six-hundred,FS,X100,,,,,,,,,NOUN,NOM,pos:noun gen:- num:- rat:r cas:g,noun,pos:noun gen:- num:- rat:r cas:g,,,,
463,464,s.t.t,NTWS,NTWS,LEXICON,[STEM-NOMINATIVE],NOUN,sit~amiA}ap,sit~umiA},six-hundred,FS,X100,,,,,,,,,NOUN,NOM,pos:noun gen:- num:- rat:r cas:n,noun,pos:noun gen:- num:- rat:r cas:n,,,,
464,465,NTWS,NTWS,NTWS,LEXICON,[STEM-CONJ],RESTRIC_PART,siwaY,siwaY,except_(for),,,,,,,,,,,PART,PRT,pos:part_restrict,part_restrict,pos:part_restrict,,,,[STEM-BASE]
465,466,NTWS,NTWS,NTWS,LEXICON,[STEM-CONJ-PREP],ABBREV,siy,siy,C.,,,,,,,,,,,NOUN,NOM,pos:abbrev,abbrev,pos:abbrev,,,,[STEM-BASE]
466,467,NTWS,NTWS,NTWS,LEXICON,[STEM-CONJ],laA/NEG_PART+siy~amaA/ADV,siy~amaA,laAsiy~amaA,especially,,,laA+_siy~amaA,laA+_siy~amaA,laA+_siy~amaA,laA+_siy~amaA,,,laA+_siy~amaA,laA+_siy~amaA,PART+ADV,PRT+NOM,pos:adv prc0:lA_neg stt:i cas:u,adv,pos:adv prc0:lA_neg stt:i cas:u,,,,[STEM-COMPOUND]
467,468,NTWS,NTWS,NTWS,LEXICON,[STEM-CONJ],ADV,siy~amaA,siy~amaA,especially,,,,,,,,,,,ADV,NOM,pos:adv stt:i cas:u,adv,pos:adv stt:i cas:u,,,,[STEM-BASE]
468,469,NTWS,NTWS,NTWS,LEXICON,[STEM-CONJ-PREP],ABBREV,SlEm,SlEm,Peace_Be_Upon_Him,,,,,,,,,,,NOUN,NOM,pos:abbrev,abbrev,pos:abbrev,,,,[STEM-BASE]
469,470,NTWS,NTWS,NTWS,LEXICON,[STEM-CONJ-PREP],ABBREV,sm,sm,centimeter,,,,,,,,,,,NOUN,NOM,pos:abbrev,abbrev,pos:abbrev,,,,[STEM-BASE]
470,471,NTWS,NTWS,NTWS,LEXICON,[STEM-CONJ-PREP],ABBREV,t,t,T.;(date);(time/timing);(died);22nd,,,,,,,,,,,NOUN,NOM,pos:abbrev,abbrev,pos:abbrev,,,,[STEM-BASE]
471,472,NTWS,NTWS,NTWS,LEXICON,[STEM-CONJ-PREP],ABBREV,T,T,T.;9th,,,,,,,,,,,NOUN,NOM,pos:abbrev,abbrev,pos:abbrev,,,,[STEM-BASE]
472,473,NTWS,NTWS,NTWS,LEXICON,[STEM-CONJ],la/EMPHATIC_PART+TAlamaA/ADV,TaAlamaA,laTaAlamaA,indeed+so_often_that,,,la+_TaAlamaA,la+_TaAlamaA,la+_TaAlamaA,la+_TaAlamaA,,,la+_TaAlamaA,la+_TaAlamaA,PART+ADV,PRT+NOM,pos:adv prc1:la_emph stt:i cas:u,adv,pos:adv prc1:la_emph stt:i cas:u,,,,[STEM-COMPOUND]
473,474,NTWS,NTWS,NTWS,LEXICON,[STEM-CONJ],ADV,TaAlamaA,TaAlamaA,so_often_that,,,,,,,,,,,ADV,NOM,pos:adv stt:i cas:u,adv,pos:adv stt:i cas:u,,,,[STEM-BASE]
474,475,NTWS,NTWS,NTWS,LEXICON,[STEM-CONJ],SUB_CONJ,TaAlamaA,TaAlamaA,as_long_as,,,,,,,,,,,SCONJ,PRT,pos:conj_sub,conj_sub,pos:conj_sub,,,,[STEM-BASE]
475,476,NTWS,NTWS,NTWS,LEXICON,[STEM-CONJ],ADV,tatoraY,tatoraA,one_after_the_other;in_succession,,,,,,,,,,,ADV,NOM,pos:adv stt:i cas:u,adv,pos:adv stt:i cas:u,,,,[STEM-BASE]
476,477,NTWS,NTWS,NTWS,LEXICON,[STEM-CONJ],ADV,tatoraY,tatoraY,one_after_the_other;in_succession,,,,,,,,,,,ADV,NOM,pos:adv stt:i cas:u,adv,pos:adv stt:i cas:u,,,,[STEM-BASE]
477,478,NTWS,NTWS,NTWS,LEXICON,[STEM-CONJ-PREP],ABBREV,tg,tg,GMT_(Greenwich_Mean_Time),,,,,,,,,,,NOUN,NOM,pos:abbrev,abbrev,pos:abbrev,,,,[STEM-BASE]
478,479,NTWS,NTWS,NTWS,LEXICON,[STEM-CONJ-PREP],ABBREV,tg,tj,GMT_(Greenwich_Mean_Time),,,,,,,,,,,NOUN,NOM,pos:abbrev,abbrev,pos:abbrev,,,,[STEM-BASE]
479,480,t.s.E,NTWS,NTWS,LEXICON,[STEM-ACCUSATIVE],NOUN,tisoEami}ap,tisoEami},nine-hundred,FS,X100,,,,,,,,,NOUN,NOM,pos:noun gen:- num:- rat:i cas:a,noun,pos:noun gen:- num:- rat:i cas:a,,,,
480,481,t.s.E,NTWS,NTWS,LEXICON,[STEM-GENITIVE],NOUN,tisoEami}ap,tisoEimi},nine-hundred,FS,X100,,,,,,,,,NOUN,NOM,pos:noun gen:- num:- rat:r cas:g,noun,pos:noun gen:- num:- rat:r cas:g,,,,
481,482,t.s.E,NTWS,NTWS,LEXICON,[STEM-NOMINATIVE],NOUN,tisoEami}ap,tisoEumi},nine-hundred,FS,X100,,,,,,,,,NOUN,NOM,pos:noun gen:- num:- rat:r cas:n,noun,pos:noun gen:- num:- rat:r cas:n,,,,
482,483,t.s.E,NTWS,NTWS,LEXICON,[STEM-ACCUSATIVE],NOUN,tisoEamiA}ap,tisoEamiA},nine-hundred,FS,X100,,,,,,,,,NOUN,NOM,pos:noun gen:- num:- rat:i cas:a,noun,pos:noun gen:- num:- rat:i cas:a,,,,
483,484,t.s.E,NTWS,NTWS,LEXICON,[STEM-GENITIVE],NOUN,tisoEamiA}ap,tisoEimiA},nine-hundred,FS,X100,,,,,,,,,NOUN,NOM,pos:noun gen:- num:- rat:r cas:g,noun,pos:noun gen:- num:- rat:r cas:g,,,,
484,485,t.s.E,NTWS,NTWS,LEXICON,[STEM-NOMINATIVE],NOUN,tisoEamiA}ap,tisoEumiA},nine-hundred,FS,X100,,,,,,,,,NOUN,NOM,pos:noun gen:- num:- rat:r cas:n,noun,pos:noun gen:- num:- rat:r cas:n,,,,
485,486,NTWS,NTWS,NTWS,LEXICON,[STEM-CONJ-PREP],ABBREV,tiy,tiy,T.,,,,,,,,,,,NOUN,NOM,pos:abbrev,abbrev,pos:abbrev,,,,[STEM-BASE]
486,487,NTWS,NTWS,NTWS,LEXICON,[STEM-CONJ-PREP],INTERJ,tuf~,tuf~,phew!,,,,,,,,,,,INTJ,PRT,pos:interj,interj,pos:interj,,,,[STEM-BASE]
487,488,NTWS,NTWS,NTWS,LEXICON,[STEM-CONJ-PREP],INTERJ,turaY,turaY,I_wonder,,,,,,,,,,,INTJ,PRT,pos:interj,interj,pos:interj,,,,[STEM-BASE]
488,489,NTWS,NTWS,NTWS,LEXICON,[STEM-CONJ-PREP],ABBREV,v,v,TH.;23rd,,,,,,,,,,,NOUN,NOM,pos:abbrev,abbrev,pos:abbrev,,,,[STEM-BASE]
489,490,NTWS,NTWS,NTWS,LEXICON,[STEM-CONJ-PREP],ABBREV,vaA',vaA',sec._(seconds),,,,,,,,,,,NOUN,NOM,pos:abbrev,abbrev,pos:abbrev,,,,[STEM-BASE]
490,491,NTWS,NTWS,NTWS,LEXICON,[STEM-CONJ-PREP],ABBREV,vaA',vaA,sec._(seconds),,,,,,,,,,,NOUN,NOM,pos:abbrev,abbrev,pos:abbrev,,,,[STEM-BASE]
491,492,v.l.v,NTWS,NTWS,LEXICON,[STEM-ACCUSATIVE],NOUN,valaAvami}ap,valaAvami},three-hundred,FS,X100,,,,,,,,,NOUN,NOM,pos:noun gen:- num:- rat:i cas:a,noun,pos:noun gen:- num:- rat:i cas:a,,,,
492,493,v.l.v,NTWS,NTWS,LEXICON,[STEM-GENITIVE],NOUN,valaAvami}ap,valaAvimi},three-hundred,FS,X100,,,,,,,,,NOUN,NOM,pos:noun gen:- num:- rat:r cas:g,noun,pos:noun gen:- num:- rat:r cas:g,,,,
493,494,v.l.v,NTWS,NTWS,LEXICON,[STEM-NOMINATIVE],NOUN,valaAvami}ap,valaAvumi},three-hundred,FS,X100,,,,,,,,,NOUN,NOM,pos:noun gen:- num:- rat:r cas:n,noun,pos:noun gen:- num:- rat:r cas:n,,,,
494,495,v.l.v,NTWS,NTWS,LEXICON,[STEM-ACCUSATIVE],NOUN,valaAvamiA}ap,valaAvamiA},three-hundred,FS,X100,,,,,,,,,NOUN,NOM,pos:noun gen:- num:- rat:i cas:a,noun,pos:noun gen:- num:- rat:i cas:a,,,,
495,496,v.l.v,NTWS,NTWS,LEXICON,[STEM-GENITIVE],NOUN,valaAvamiA}ap,valaAvimiA},three-hundred,FS,X100,,,,,,,,,NOUN,NOM,pos:noun gen:- num:- rat:r cas:g,noun,pos:noun gen:- num:- rat:r cas:g,,,,
496,497,v.l.v,NTWS,NTWS,LEXICON,[STEM-NOMINATIVE],NOUN,valaAvamiA}ap,valaAvumiA},three-hundred,FS,X100,,,,,,,,,NOUN,NOM,pos:noun gen:- num:- rat:r cas:n,noun,pos:noun gen:- num:- rat:r cas:n,,,,
497,498,v.m.m,NTWS,NTWS,LEXICON,[STEM-CONJ],ADV,vam~a,vam~a,there;over_there;in_that_place;there_is/are,,,,,,,,,,,ADV,NOM,pos:adv stt:i cas:u,adv,pos:adv stt:i cas:u,,,,[STEM-BASE]
498,499,v.m.m,NTWS,NTWS,LEXICON,[STEM-CONJ],ADV,vam~apa,vam~apa,there,,,,,,,,,,,ADV,NOM,pos:adv stt:i cas:u,adv,pos:adv stt:i cas:u,,,,[STEM-BASE]
499,500,v.m.n,NTWS,NTWS,LEXICON,[STEM-ACCUSATIVE],NOUN,vamaAnami}ap,vamaAnimi},eight-hundred,FS,X100,,,,,,,,,NOUN,NOM,pos:noun gen:- num:- rat:i cas:a,noun,pos:noun gen:- num:- rat:i cas:a,,,,
500,501,v.m.n,NTWS,NTWS,LEXICON,[STEM-NOMINATIVE],NOUN,vamaAnami}ap,vamaAnami},eight-hundred,FS,X100,,,,,,,,,NOUN,NOM,pos:noun gen:- num:- rat:r cas:n,noun,pos:noun gen:- num:- rat:r cas:n,,,,
501,502,v.m.n,NTWS,NTWS,LEXICON,[STEM-GENITIVE],NOUN,vamaAnami}ap,vamaAnumiA},eight-hundred,FS,X100,,,,,,,,,NOUN,NOM,pos:noun gen:- num:- rat:r cas:g,noun,pos:noun gen:- num:- rat:r cas:g,,,,
502,503,v.m.n,NTWS,NTWS,LEXICON,[STEM-GENITIVE],NOUN,vamaAnamiA}ap,vamaAnimiA},eight-hundred,FS,X100,,,,,,,,,NOUN,NOM,pos:noun gen:- num:- rat:r cas:g,noun,pos:noun gen:- num:- rat:r cas:g,,,,
503,504,v.m.n,NTWS,NTWS,LEXICON,[STEM-ACCUSATIVE],NOUN,vamaAnamiA}ap,vamaAnamiA},eight-hundred,FS,X100,,,,,,,,,NOUN,NOM,pos:noun gen:- num:- rat:i cas:a,noun,pos:noun gen:- num:- rat:i cas:a,,,,
504,505,v.m.n,NTWS,NTWS,LEXICON,[STEM-NOMINATIVE],NOUN,vamaAnamiA}ap,vamaAnumi},eight-hundred,FS,X100,,,,,,,,,NOUN,NOM,pos:noun gen:- num:- rat:r cas:n,noun,pos:noun gen:- num:- rat:r cas:n,,,,
505,506,v.m.m,NTWS,NTWS,LEXICON,[STEM-CONJ],CONJ,vum~a,vum~a,then;afterwards;next;moreover,,,,,,,,,,,CCONJ,PRT,pos:conj,conj,pos:conj,,,,[STEM-BASE]
506,507,NTWS,NTWS,NTWS,LEXICON,[STEM-CONJ-PREP],ABBREV,wa,w,W.;6th,,,,,,,,,,,NOUN,NOM,pos:abbrev,abbrev,pos:abbrev,,,,[STEM-BASE]
507,508,NTWS,NTWS,NTWS,LEXICON,[STEM-STANDALONE],CONJ,wa,wa,and,,,,,,,,,,,CCONJ,PRT,pos:conj,conj,pos:conj,,,,[STEM-BASE]
508,509,NTWS,NTWS,NTWS,LEXICON,[STEM-CONJ],VOC_PART,waA,waA,O;oh,,,,,,,,,,,PART,PRT,pos:part_voc,part_voc,pos:part_voc,,,,[STEM-BASE]
509,510,NTWS,NTWS,NTWS,LEXICON,[STEM-CONJ-PREP],INTERJ,waAh,waAh,wow!,,,,,,,,,,,INTJ,PRT,pos:interj,interj,pos:interj,,,,[STEM-BASE]
510,511,NTWS,NTWS,NTWS,LEXICON,[STEM-CONJ-PREP],INTERJ,waAh,waAhaA,wow!,,,,,,,,,,,INTJ,PRT,pos:interj,interj,pos:interj,,,,[STEM-BASE]
511,512,w.q.t,NTWS,NTWS,LEXICON,[STEM-CONJ],waqot/NOUN+a/CASE_DEF_ACC+maA/SUB_CONJ,waqot,waqotamaA,the_time_that,,,waqota_+maA,waqota_+maA,,,,,waqota_+maA,waqota_+maA,NOUN+SCONJ,NOM+PRT,pos:noun gen:m num:s enc0:mA_sub stt:c cas:a,noun,pos:noun gen:m num:s enc0:mA_sub stt:c cas:a,,,,[STEM-COMPOUND]
512,513,w.q.t,NTWS,NTWS,LEXICON,[STEM-CONJ],ADV,waqot,waqota}i*K,at_that_time,,,,,,,,,,,ADV,NOM,pos:adv stt:i cas:u,adv,pos:adv stt:i cas:u,,,,[STEM-BASE]
513,514,w.q.t,NTWS,NTWS,LEXICON,[STEM-CONJ],ADV,waqot,waqota*aAk,at_that_time,,,,,,,,,,,ADV,NOM,pos:adv stt:i cas:u,adv,pos:adv stt:i cas:u,,,,[STEM-BASE]
514,515,NTWS,NTWS,NTWS,LEXICON,[STEM-CONJ-PREP],ABBREV,x,x,KH.;24th,,,,,,,,,,,NOUN,NOM,pos:abbrev,abbrev,pos:abbrev,,,,[STEM-BASE]
515,516,x.l.w,NTWS,NTWS,LEXICON,[STEM-CONJ-PRON],PREP,xalaA,xalaA,except_for,,C:A#,,,,,,,,,ADP,PRT,pos:prep,prep,pos:prep,,,,[STEM-BASE]
516,517,x.m.s,NTWS,NTWS,LEXICON,[STEM-ACCUSATIVE],NOUN,xamosami}ap,xamosami},five-hundred,FS,X100,,,,,,,,,NOUN,NOM,pos:noun gen:- num:- rat:i cas:a,noun,pos:noun gen:- num:- rat:i cas:a,,,,
517,518,x.m.s,NTWS,NTWS,LEXICON,[STEM-GENITIVE],NOUN,xamosami}ap,xamosimi},five-hundred,FS,X100,,,,,,,,,NOUN,NOM,pos:noun gen:- num:- rat:r cas:g,noun,pos:noun gen:- num:- rat:r cas:g,,,,
518,519,x.m.s,NTWS,NTWS,LEXICON,[STEM-NOMINATIVE],NOUN,xamosami}ap,xamosumi},five-hundred,FS,X100,,,,,,,,,NOUN,NOM,pos:noun gen:- num:- rat:r cas:n,noun,pos:noun gen:- num:- rat:r cas:n,,,,
519,520,x.m.s,NTWS,NTWS,LEXICON,[STEM-ACCUSATIVE],NOUN,xamosamiA}ap,xamosamiA},five-hundred,FS,X100,,,,,,,,,NOUN,NOM,pos:noun gen:- num:- rat:i cas:a,noun,pos:noun gen:- num:- rat:i cas:a,,,,
520,521,x.m.s,NTWS,NTWS,LEXICON,[STEM-GENITIVE],NOUN,xamosamiA}ap,xamosimiA},five-hundred,FS,X100,,,,,,,,,NOUN,NOM,pos:noun gen:- num:- rat:r cas:g,noun,pos:noun gen:- num:- rat:r cas:g,,,,
521,522,x.m.s,NTWS,NTWS,LEXICON,[STEM-NOMINATIVE],NOUN,xamosamiA}ap,xamosumiA},five-hundred,FS,X100,,,,,,,,,NOUN,NOM,pos:noun gen:- num:- rat:r cas:n,noun,pos:noun gen:- num:- rat:r cas:n,,,,
522,523,NTWS,NTWS,NTWS,LEXICON,[STEM-CONJ-PREP],ABBREV,y,y,Y.;10th,,,,,,,,,,,NOUN,NOM,pos:abbrev,abbrev,pos:abbrev,,,,[STEM-BASE]
523,524,NTWS,NTWS,NTWS,LEXICON,[STEM-CONJ],VOC_PART,yaA,yaA,O;oh,,,,,,,,,,,PART,PRT,pos:part_voc,part_voc,pos:part_voc,,,,[STEM-BASE]
524,525,>.l.h,NTWS,NTWS,LEXICON,[STEM],NOUN,yaAll~a`h,yaAll~a`h,oh_God,,,,,,,,,,,NOUN,NOM,pos:noun gen:m num:s stt:i cas:u,noun,pos:noun gen:m num:s stt:i cas:u,,,,[STEM]
525,526,y.w.m,NTWS,NTWS,LEXICON,[STEM-CONJ],ADV,yawoma}i*K,yawoma}i*K,on_that_day,,,,,,,,,,,ADV,NOM,pos:adv stt:i cas:u,adv,pos:adv stt:i cas:u,,,,[STEM-BASE]
526,527,y.w.m,NTWS,NTWS,LEXICON,[STEM-CONJ],ADV,yawoma*aAko,yawoma*aAko,on_that_day,,,,,,,,,,,ADV,NOM,pos:adv stt:i cas:u,adv,pos:adv stt:i cas:u,,,,[STEM-BASE]
527,528,NTWS,NTWS,NTWS,LEXICON,[STEM-CONJ-PREP],ABBREV,yuw,yuw,U.,,,,,,,,,,,NOUN,NOM,pos:abbrev,abbrev,pos:abbrev,,,,[STEM-BASE]
528,529,NTWS,NTWS,NTWS,LEXICON,[STEM-CONJ-PREP],ABBREV,z,z,Z.;7th,,,,,,,,,,,NOUN,NOM,pos:abbrev,abbrev,pos:abbrev,,,,[STEM-BASE]
529,530,NTWS,NTWS,NTWS,LEXICON,[STEM-CONJ-PREP],ABBREV,Z,Z,ZH.;27th,,,,,,,,,,,NOUN,NOM,pos:abbrev,abbrev,pos:abbrev,,,,[STEM-BASE]
530,531,NTWS,NTWS,NTWS,LEXICON,[STEM-CONJ-PREP],ABBREV,z,zid,Z.,,,,,,,,,,,NOUN,NOM,pos:abbrev,abbrev,pos:abbrev,,,,[STEM-BASE]
531,,,,,,,,,,,,,,,,,,,,,,PROP,,,,,,,
532,,,,,,,,,,,,,,,,,,,,,,PROP,,,,,,,
533,,,,,,,,,,,,,,,,,,,,,,PROP,,,,,,,
534,,,,,,,,,,,,,,,,,,,,,,PROP,,,,,,,
535,,,,,,,,,,,,,,,,,,,,,,PROP,,,,,,,
536,,,,,,,,,,,,,,,,,,,,,,PROP,,,,,,,
537,,,,,,,,,,,,,,,,,,,,,,PROP,,,,,,,
538,,,,,,,,,,,,,,,,,,,,,,PROP,,,,,,,
539,,,,,,,,,,,,,,,,,,,,,,PROP,,,,,,,
540,,,,,,,,,,,,,,,,,,,,,,PROP,,,,,,,
541,,,,,,,,,,,,,,,,,,,,,,PROP,,,,,,,
542,,,,,,,,,,,,,,,,,,,,,,PROP,,,,,,,
543,,,,,,,,,,,,,,,,,,,,,,PROP,,,,,,,
544,,,,,,,,,,,,,,,,,,,,,,PROP,,,,,,,
545,,,,,,,,,,,,,,,,,,,,,,PROP,,,,,,,
546,,,,,,,,,,,,,,,,,,,,,,PROP,,,,,,,
547,,,,,,,,,,,,,,,,,,,,,,PROP,,,,,,,
548,,,,,,,,,,,,,,,,,,,,,,PROP,,,,,,,
549,,,,,,,,,,,,,,,,,,,,,,PROP,,,,,,,
550,,,,,,,,,,,,,,,,,,,,,,PROP,,,,,,,
551,,,,,,,,,,,,,,,,,,,,,,PROP,,,,,,,
552,,,,,,,,,,,,,,,,,,,,,,PROP,,,,,,,
553,,,,,,,,,,,,,,,,,,,,,,PROP,,,,,,,
554,,,,,,,,,,,,,,,,,,,,,,PROP,,,,,,,
555,,,,,,,,,,,,,,,,,,,,,,PROP,,,,,,,
556,,,,,,,,,,,,,,,,,,,,,,PROP,,,,,,,
557,,,,,,,,,,,,,,,,,,,,,,PROP,,,,,,,
558,,,,,,,,,,,,,,,,,,,,,,PROP,,,,,,,
559,,,,,,,,,,,,,,,,,,,,,,PROP,,,,,,,
560,,,,,,,,,,,,,,,,,,,,,,PROP,,,,,,,
561,,,,,,,,,,,,,,,,,,,,,,PROP,,,,,,,
562,,,,,,,,,,,,,,,,,,,,,,PROP,,,,,,,
563,,,,,,,,,,,,,,,,,,,,,,PROP,,,,,,,
564,,,,,,,,,,,,,,,,,,,,,,PROP,,,,,,,
565,,,,,,,,,,,,,,,,,,,,,,PROP,,,,,,,
566,,,,,,,,,,,,,,,,,,,,,,PROP,,,,,,,
567,,,,,,,,,,,,,,,,,,,,,,PROP,,,,,,,
568,,,,,,,,,,,,,,,,,,,,,,PROP,,,,,,,
569,,,,,,,,,,,,,,,,,,,,,,PROP,,,,,,,
570,,,,,,,,,,,,,,,,,,,,,,PROP,,,,,,,
571,,,,,,,,,,,,,,,,,,,,,,PROP,,,,,,,
572,,,,,,,,,,,,,,,,,,,,,,PROP,,,,,,,
573,,,,,,,,,,,,,,,,,,,,,,PROP,,,,,,,
574,,,,,,,,,,,,,,,,,,,,,,PROP,,,,,,,
575,,,,,,,,,,,,,,,,,,,,,,PROP,,,,,,,
576,,,,,,,,,,,,,,,,,,,,,,PROP,,,,,,,
577,,,,,,,,,,,,,,,,,,,,,,PROP,,,,,,,
578,,,,,,,,,,,,,,,,,,,,,,PROP,,,,,,,
579,,,,,,,,,,,,,,,,,,,,,,PROP,,,,,,,
580,,,,,,,,,,,,,,,,,,,,,,PROP,,,,,,,
581,,,,,,,,,,,,,,,,,,,,,,PROP,,,,,,,
582,,,,,,,,,,,,,,,,,,,,,,PROP,,,,,,,
583,,,,,,,,,,,,,,,,,,,,,,PROP,,,,,,,
584,,,,,,,,,,,,,,,,,,,,,,PROP,,,,,,,
585,,,,,,,,,,,,,,,,,,,,,,PROP,,,,,,,
586,,,,,,,,,,,,,,,,,,,,,,PROP,,,,,,,
587,,,,,,,,,,,,,,,,,,,,,,PROP,,,,,,,
588,,,,,,,,,,,,,,,,,,,,,,PROP,,,,,,,
589,,,,,,,,,,,,,,,,,,,,,,PROP,,,,,,,
590,,,,,,,,,,,,,,,,,,,,,,PROP,,,,,,,
591,,,,,,,,,,,,,,,,,,,,,,PROP,,,,,,,
592,,,,,,,,,,,,,,,,,,,,,,PROP,,,,,,,
593,,,,,,,,,,,,,,,,,,,,,,PROP,,,,,,,
594,,,,,,,,,,,,,,,,,,,,,,PROP,,,,,,,
595,,,,,,,,,,,,,,,,,,,,,,PROP,,,,,,,
596,,,,,,,,,,,,,,,,,,,,,,PROP,,,,,,,
597,,,,,,,,,,,,,,,,,,,,,,PROP,,,,,,,
598,,,,,,,,,,,,,,,,,,,,,,PROP,,,,,,,
599,,,,,,,,,,,,,,,,,,,,,,PROP,,,,,,,
600,,,,,,,,,,,,,,,,,,,,,,PROP,,,,,,,
601,,,,,,,,,,,,,,,,,,,,,,PROP,,,,,,,
602,,,,,,,,,,,,,,,,,,,,,,PROP,,,,,,,
603,,,,,,,,,,,,,,,,,,,,,,PROP,,,,,,,
604,,,,,,,,,,,,,,,,,,,,,,PROP,,,,,,,
605,,,,,,,,,,,,,,,,,,,,,,PROP,,,,,,,
606,,,,,,,,,,,,,,,,,,,,,,PROP,,,,,,,
607,,,,,,,,,,,,,,,,,,,,,,PROP,,,,,,,
608,,,,,,,,,,,,,,,,,,,,,,PROP,,,,,,,
609,,,,,,,,,,,,,,,,,,,,,,PROP,,,,,,,
610,,,,,,,,,,,,,,,,,,,,,,PROP,,,,,,,
611,,,,,,,,,,,,,,,,,,,,,,PROP,,,,,,,
612,,,,,,,,,,,,,,,,,,,,,,PROP,,,,,,,
613,,,,,,,,,,,,,,,,,,,,,,PROP,,,,,,,
614,,,,,,,,,,,,,,,,,,,,,,PROP,,,,,,,
615,,,,,,,,,,,,,,,,,,,,,,PROP,,,,,,,
616,,,,,,,,,,,,,,,,,,,,,,PROP,,,,,,,
617,,,,,,,,,,,,,,,,,,,,,,PROP,,,,,,,
618,,,,,,,,,,,,,,,,,,,,,,PROP,,,,,,,
619,,,,,,,,,,,,,,,,,,,,,,PROP,,,,,,,
620,,,,,,,,,,,,,,,,,,,,,,PROP,,,,,,,
621,,,,,,,,,,,,,,,,,,,,,,PROP,,,,,,,
622,,,,,,,,,,,,,,,,,,,,,,PROP,,,,,,,
623,,,,,,,,,,,,,,,,,,,,,,PROP,,,,,,,
624,,,,,,,,,,,,,,,,,,,,,,PROP,,,,,,,
625,,,,,,,,,,,,,,,,,,,,,,PROP,,,,,,,
626,,,,,,,,,,,,,,,,,,,,,,PROP,,,,,,,
627,,,,,,,,,,,,,,,,,,,,,,PROP,,,,,,,
628,,,,,,,,,,,,,,,,,,,,,,PROP,,,,,,,
629,,,,,,,,,,,,,,,,,,,,,,PROP,,,,,,,
630,,,,,,,,,,,,,,,,,,,,,,PROP,,,,,,,
631,,,,,,,,,,,,,,,,,,,,,,PROP,,,,,,,
632,,,,,,,,,,,,,,,,,,,,,,PROP,,,,,,,
633,,,,,,,,,,,,,,,,,,,,,,PROP,,,,,,,
634,,,,,,,,,,,,,,,,,,,,,,PROP,,,,,,,
635,,,,,,,,,,,,,,,,,,,,,,PROP,,,,,,,
636,,,,,,,,,,,,,,,,,,,,,,PROP,,,,,,,
637,,,,,,,,,,,,,,,,,,,,,,PROP,,,,,,,
638,,,,,,,,,,,,,,,,,,,,,,PROP,,,,,,,
639,,,,,,,,,,,,,,,,,,,,,,PROP,,,,,,,
640,,,,,,,,,,,,,,,,,,,,,,PROP,,,,,,,
641,,,,,,,,,,,,,,,,,,,,,,PROP,,,,,,,
642,,,,,,,,,,,,,,,,,,,,,,PROP,,,,,,,
643,,,,,,,,,,,,,,,,,,,,,,PROP,,,,,,,
644,,,,,,,,,,,,,,,,,,,,,,PROP,,,,,,,
645,,,,,,,,,,,,,,,,,,,,,,PROP,,,,,,,
646,,,,,,,,,,,,,,,,,,,,,,PROP,,,,,,,
647,,,,,,,,,,,,,,,,,,,,,,PROP,,,,,,,
648,,,,,,,,,,,,,,,,,,,,,,PROP,,,,,,,
649,,,,,,,,,,,,,,,,,,,,,,PROP,,,,,,,
650,,,,,,,,,,,,,,,,,,,,,,PROP,,,,,,,
651,,,,,,,,,,,,,,,,,,,,,,PROP,,,,,,,
652,,,,,,,,,,,,,,,,,,,,,,PROP,,,,,,,
653,,,,,,,,,,,,,,,,,,,,,,PROP,,,,,,,
654,,,,,,,,,,,,,,,,,,,,,,PROP,,,,,,,
655,,,,,,,,,,,,,,,,,,,,,,PROP,,,,,,,
656,,,,,,,,,,,,,,,,,,,,,,PROP,,,,,,,
657,,,,,,,,,,,,,,,,,,,,,,PROP,,,,,,,
658,,,,,,,,,,,,,,,,,,,,,,PROP,,,,,,,
659,,,,,,,,,,,,,,,,,,,,,,PROP,,,,,,,
660,,,,,,,,,,,,,,,,,,,,,,PROP,,,,,,,
661,,,,,,,,,,,,,,,,,,,,,,PROP,,,,,,,
662,,,,,,,,,,,,,,,,,,,,,,PROP,,,,,,,
663,,,,,,,,,,,,,,,,,,,,,,PROP,,,,,,,
664,,,,,,,,,,,,,,,,,,,,,,PROP,,,,,,,
665,,,,,,,,,,,,,,,,,,,,,,PROP,,,,,,,
666,,,,,,,,,,,,,,,,,,,,,,PROP,,,,,,,
667,,,,,,,,,,,,,,,,,,,,,,PROP,,,,,,,
668,,,,,,,,,,,,,,,,,,,,,,PROP,,,,,,,
669,,,,,,,,,,,,,,,,,,,,,,PROP,,,,,,,
670,,,,,,,,,,,,,,,,,,,,,,PROP,,,,,,,
671,,,,,,,,,,,,,,,,,,,,,,PROP,,,,,,,
672,,,,,,,,,,,,,,,,,,,,,,PROP,,,,,,,
673,,,,,,,,,,,,,,,,,,,,,,PROP,,,,,,,
674,,,,,,,,,,,,,,,,,,,,,,PROP,,,,,,,
675,,,,,,,,,,,,,,,,,,,,,,PROP,,,,,,,
676,,,,,,,,,,,,,,,,,,,,,,PROP,,,,,,,
677,,,,,,,,,,,,,,,,,,,,,,PROP,,,,,,,
678,,,,,,,,,,,,,,,,,,,,,,PROP,,,,,,,
679,,,,,,,,,,,,,,,,,,,,,,PROP,,,,,,,
680,,,,,,,,,,,,,,,,,,,,,,PROP,,,,,,,
681,,,,,,,,,,,,,,,,,,,,,,PROP,,,,,,,
682,,,,,,,,,,,,,,,,,,,,,,PROP,,,,,,,
683,,,,,,,,,,,,,,,,,,,,,,PROP,,,,,,,
684,,,,,,,,,,,,,,,,,,,,,,PROP,,,,,,,
685,,,,,,,,,,,,,,,,,,,,,,PROP,,,,,,,
686,,,,,,,,,,,,,,,,,,,,,,PROP,,,,,,,
687,,,,,,,,,,,,,,,,,,,,,,PROP,,,,,,,
688,,,,,,,,,,,,,,,,,,,,,,PROP,,,,,,,
689,,,,,,,,,,,,,,,,,,,,,,PROP,,,,,,,
690,,,,,,,,,,,,,,,,,,,,,,PROP,,,,,,,
691,,,,,,,,,,,,,,,,,,,,,,PROP,,,,,,,
692,,,,,,,,,,,,,,,,,,,,,,PROP,,,,,,,
693,,,,,,,,,,,,,,,,,,,,,,PROP,,,,,,,
694,,,,,,,,,,,,,,,,,,,,,,PROP,,,,,,,
695,,,,,,,,,,,,,,,,,,,,,,PROP,,,,,,,
696,,,,,,,,,,,,,,,,,,,,,,PROP,,,,,,,
697,,,,,,,,,,,,,,,,,,,,,,PROP,,,,,,,
698,,,,,,,,,,,,,,,,,,,,,,PROP,,,,,,,
699,,,,,,,,,,,,,,,,,,,,,,PROP,,,,,,,
700,,,,,,,,,,,,,,,,,,,,,,PROP,,,,,,,
701,,,,,,,,,,,,,,,,,,,,,,PROP,,,,,,,
702,,,,,,,,,,,,,,,,,,,,,,PROP,,,,,,,
703,,,,,,,,,,,,,,,,,,,,,,PROP,,,,,,,
704,,,,,,,,,,,,,,,,,,,,,,PROP,,,,,,,
705,,,,,,,,,,,,,,,,,,,,,,PROP,,,,,,,
706,,,,,,,,,,,,,,,,,,,,,,PROP,,,,,,,
707,,,,,,,,,,,,,,,,,,,,,,PROP,,,,,,,
708,,,,,,,,,,,,,,,,,,,,,,PROP,,,,,,,
709,,,,,,,,,,,,,,,,,,,,,,PROP,,,,,,,
710,,,,,,,,,,,,,,,,,,,,,,PROP,,,,,,,
711,,,,,,,,,,,,,,,,,,,,,,PROP,,,,,,,
712,,,,,,,,,,,,,,,,,,,,,,PROP,,,,,,,
713,,,,,,,,,,,,,,,,,,,,,,PROP,,,,,,,
714,,,,,,,,,,,,,,,,,,,,,,PROP,,,,,,,
715,,,,,,,,,,,,,,,,,,,,,,PROP,,,,,,,
716,,,,,,,,,,,,,,,,,,,,,,PROP,,,,,,,
717,,,,,,,,,,,,,,,,,,,,,,PROP,,,,,,,
718,,,,,,,,,,,,,,,,,,,,,,PROP,,,,,,,
719,,,,,,,,,,,,,,,,,,,,,,PROP,,,,,,,
720,,,,,,,,,,,,,,,,,,,,,,PROP,,,,,,,
721,,,,,,,,,,,,,,,,,,,,,,PROP,,,,,,,
722,,,,,,,,,,,,,,,,,,,,,,PROP,,,,,,,
723,,,,,,,,,,,,,,,,,,,,,,PROP,,,,,,,
724,,,,,,,,,,,,,,,,,,,,,,PROP,,,,,,,
725,,,,,,,,,,,,,,,,,,,,,,PROP,,,,,,,
726,,,,,,,,,,,,,,,,,,,,,,PROP,,,,,,,
727,,,,,,,,,,,,,,,,,,,,,,PROP,,,,,,,
728,,,,,,,,,,,,,,,,,,,,,,PROP,,,,,,,
729,,,,,,,,,,,,,,,,,,,,,,PROP,,,,,,,
730,,,,,,,,,,,,,,,,,,,,,,PROP,,,,,,,
731,,,,,,,,,,,,,,,,,,,,,,PROP,,,,,,,
732,,,,,,,,,,,,,,,,,,,,,,PROP,,,,,,,
733,,,,,,,,,,,,,,,,,,,,,,PROP,,,,,,,
734,,,,,,,,,,,,,,,,,,,,,,PROP,,,,,,,
735,,,,,,,,,,,,,,,,,,,,,,PROP,,,,,,,
736,,,,,,,,,,,,,,,,,,,,,,PROP,,,,,,,
737,,,,,,,,,,,,,,,,,,,,,,PROP,,,,,,,
738,,,,,,,,,,,,,,,,,,,,,,PROP,,,,,,,
739,,,,,,,,,,,,,,,,,,,,,,PROP,,,,,,,
740,,,,,,,,,,,,,,,,,,,,,,PROP,,,,,,,
741,,,,,,,,,,,,,,,,,,,,,,PROP,,,,,,,
742,,,,,,,,,,,,,,,,,,,,,,PROP,,,,,,,
743,,,,,,,,,,,,,,,,,,,,,,PROP,,,,,,,
744,,,,,,,,,,,,,,,,,,,,,,PROP,,,,,,,
745,,,,,,,,,,,,,,,,,,,,,,PROP,,,,,,,
746,,,,,,,,,,,,,,,,,,,,,,PROP,,,,,,,
747,,,,,,,,,,,,,,,,,,,,,,PROP,,,,,,,
748,,,,,,,,,,,,,,,,,,,,,,PROP,,,,,,,
749,,,,,,,,,,,,,,,,,,,,,,PROP,,,,,,,
750,,,,,,,,,,,,,,,,,,,,,,PROP,,,,,,,
751,,,,,,,,,,,,,,,,,,,,,,PROP,,,,,,,
752,,,,,,,,,,,,,,,,,,,,,,PROP,,,,,,,
753,,,,,,,,,,,,,,,,,,,,,,PROP,,,,,,,
754,,,,,,,,,,,,,,,,,,,,,,PROP,,,,,,,
755,,,,,,,,,,,,,,,,,,,,,,PROP,,,,,,,
756,,,,,,,,,,,,,,,,,,,,,,PROP,,,,,,,
757,,,,,,,,,,,,,,,,,,,,,,PROP,,,,,,,
758,,,,,,,,,,,,,,,,,,,,,,PROP,,,,,,,
759,,,,,,,,,,,,,,,,,,,,,,PROP,,,,,,,
760,,,,,,,,,,,,,,,,,,,,,,PROP,,,,,,,
761,,,,,,,,,,,,,,,,,,,,,,PROP,,,,,,,
762,,,,,,,,,,,,,,,,,,,,,,PROP,,,,,,,
763,,,,,,,,,,,,,,,,,,,,,,PROP,,,,,,,
764,,,,,,,,,,,,,,,,,,,,,,PROP,,,,,,,
765,,,,,,,,,,,,,,,,,,,,,,PROP,,,,,,,
766,,,,,,,,,,,,,,,,,,,,,,PROP,,,,,,,
767,,,,,,,,,,,,,,,,,,,,,,PROP,,,,,,,
768,,,,,,,,,,,,,,,,,,,,,,PROP,,,,,,,
769,,,,,,,,,,,,,,,,,,,,,,PROP,,,,,,,
770,,,,,,,,,,,,,,,,,,,,,,PROP,,,,,,,
771,,,,,,,,,,,,,,,,,,,,,,PROP,,,,,,,
772,,,,,,,,,,,,,,,,,,,,,,PROP,,,,,,,
773,,,,,,,,,,,,,,,,,,,,,,PROP,,,,,,,
774,,,,,,,,,,,,,,,,,,,,,,PROP,,,,,,,
775,,,,,,,,,,,,,,,,,,,,,,PROP,,,,,,,
776,,,,,,,,,,,,,,,,,,,,,,PROP,,,,,,,
777,,,,,,,,,,,,,,,,,,,,,,PROP,,,,,,,
778,,,,,,,,,,,,,,,,,,,,,,PROP,,,,,,,
779,,,,,,,,,,,,,,,,,,,,,,PROP,,,,,,,
780,,,,,,,,,,,,,,,,,,,,,,PROP,,,,,,,
781,,,,,,,,,,,,,,,,,,,,,,PROP,,,,,,,
782,,,,,,,,,,,,,,,,,,,,,,PROP,,,,,,,
783,,,,,,,,,,,,,,,,,,,,,,PROP,,,,,,,
784,,,,,,,,,,,,,,,,,,,,,,PROP,,,,,,,
785,,,,,,,,,,,,,,,,,,,,,,PROP,,,,,,,
786,,,,,,,,,,,,,,,,,,,,,,PROP,,,,,,,
787,,,,,,,,,,,,,,,,,,,,,,PROP,,,,,,,
788,,,,,,,,,,,,,,,,,,,,,,PROP,,,,,,,
789,,,,,,,,,,,,,,,,,,,,,,PROP,,,,,,,
790,,,,,,,,,,,,,,,,,,,,,,PROP,,,,,,,
791,,,,,,,,,,,,,,,,,,,,,,PROP,,,,,,,
792,,,,,,,,,,,,,,,,,,,,,,PROP,,,,,,,
793,,,,,,,,,,,,,,,,,,,,,,PROP,,,,,,,
794,,,,,,,,,,,,,,,,,,,,,,PROP,,,,,,,
795,,,,,,,,,,,,,,,,,,,,,,PROP,,,,,,,
796,,,,,,,,,,,,,,,,,,,,,,PROP,,,,,,,
797,,,,,,,,,,,,,,,,,,,,,,PROP,,,,,,,
798,,,,,,,,,,,,,,,,,,,,,,PROP,,,,,,,
799,,,,,,,,,,,,,,,,,,,,,,PROP,,,,,,,
800,,,,,,,,,,,,,,,,,,,,,,PROP,,,,,,,
801,,,,,,,,,,,,,,,,,,,,,,PROP,,,,,,,
802,,,,,,,,,,,,,,,,,,,,,,PROP,,,,,,,
803,,,,,,,,,,,,,,,,,,,,,,PROP,,,,,,,
804,,,,,,,,,,,,,,,,,,,,,,PROP,,,,,,,
805,,,,,,,,,,,,,,,,,,,,,,PROP,,,,,,,
806,,,,,,,,,,,,,,,,,,,,,,PROP,,,,,,,
807,,,,,,,,,,,,,,,,,,,,,,PROP,,,,,,,
808,,,,,,,,,,,,,,,,,,,,,,PROP,,,,,,,
809,,,,,,,,,,,,,,,,,,,,,,PROP,,,,,,,
810,,,,,,,,,,,,,,,,,,,,,,PROP,,,,,,,
811,,,,,,,,,,,,,,,,,,,,,,PROP,,,,,,,
812,,,,,,,,,,,,,,,,,,,,,,PROP,,,,,,,
813,,,,,,,,,,,,,,,,,,,,,,PROP,,,,,,,
814,,,,,,,,,,,,,,,,,,,,,,PROP,,,,,,,
815,,,,,,,,,,,,,,,,,,,,,,PROP,,,,,,,
816,,,,,,,,,,,,,,,,,,,,,,PROP,,,,,,,
817,,,,,,,,,,,,,,,,,,,,,,PROP,,,,,,,
818,,,,,,,,,,,,,,,,,,,,,,PROP,,,,,,,
819,,,,,,,,,,,,,,,,,,,,,,PROP,,,,,,,
820,,,,,,,,,,,,,,,,,,,,,,PROP,,,,,,,
821,,,,,,,,,,,,,,,,,,,,,,PROP,,,,,,,
822,,,,,,,,,,,,,,,,,,,,,,PROP,,,,,,,
823,,,,,,,,,,,,,,,,,,,,,,PROP,,,,,,,
824,,,,,,,,,,,,,,,,,,,,,,PROP,,,,,,,
825,,,,,,,,,,,,,,,,,,,,,,PROP,,,,,,,
826,,,,,,,,,,,,,,,,,,,,,,PROP,,,,,,,
827,,,,,,,,,,,,,,,,,,,,,,PROP,,,,,,,
828,,,,,,,,,,,,,,,,,,,,,,PROP,,,,,,,
829,,,,,,,,,,,,,,,,,,,,,,PROP,,,,,,,
830,,,,,,,,,,,,,,,,,,,,,,PROP,,,,,,,
831,,,,,,,,,,,,,,,,,,,,,,PROP,,,,,,,
832,,,,,,,,,,,,,,,,,,,,,,PROP,,,,,,,
833,,,,,,,,,,,,,,,,,,,,,,PROP,,,,,,,
834,,,,,,,,,,,,,,,,,,,,,,PROP,,,,,,,
835,,,,,,,,,,,,,,,,,,,,,,PROP,,,,,,,
836,,,,,,,,,,,,,,,,,,,,,,PROP,,,,,,,
837,,,,,,,,,,,,,,,,,,,,,,PROP,,,,,,,
838,,,,,,,,,,,,,,,,,,,,,,PROP,,,,,,,
839,,,,,,,,,,,,,,,,,,,,,,PROP,,,,,,,
840,,,,,,,,,,,,,,,,,,,,,,PROP,,,,,,,
841,,,,,,,,,,,,,,,,,,,,,,PROP,,,,,,,
842,,,,,,,,,,,,,,,,,,,,,,PROP,,,,,,,
843,,,,,,,,,,,,,,,,,,,,,,PROP,,,,,,,
844,,,,,,,,,,,,,,,,,,,,,,PROP,,,,,,,
845,,,,,,,,,,,,,,,,,,,,,,PROP,,,,,,,
846,,,,,,,,,,,,,,,,,,,,,,PROP,,,,,,,
847,,,,,,,,,,,,,,,,,,,,,,PROP,,,,,,,
848,,,,,,,,,,,,,,,,,,,,,,PROP,,,,,,,
849,,,,,,,,,,,,,,,,,,,,,,PROP,,,,,,,
850,,,,,,,,,,,,,,,,,,,,,,PROP,,,,,,,
851,,,,,,,,,,,,,,,,,,,,,,PROP,,,,,,,
852,,,,,,,,,,,,,,,,,,,,,,PROP,,,,,,,
853,,,,,,,,,,,,,,,,,,,,,,PROP,,,,,,,
854,,,,,,,,,,,,,,,,,,,,,,PROP,,,,,,,
855,,,,,,,,,,,,,,,,,,,,,,PROP,,,,,,,
856,,,,,,,,,,,,,,,,,,,,,,PROP,,,,,,,
857,,,,,,,,,,,,,,,,,,,,,,PROP,,,,,,,
858,,,,,,,,,,,,,,,,,,,,,,PROP,,,,,,,
859,,,,,,,,,,,,,,,,,,,,,,PROP,,,,,,,
860,,,,,,,,,,,,,,,,,,,,,,PROP,,,,,,,
861,,,,,,,,,,,,,,,,,,,,,,PROP,,,,,,,
862,,,,,,,,,,,,,,,,,,,,,,PROP,,,,,,,
863,,,,,,,,,,,,,,,,,,,,,,PROP,,,,,,,
864,,,,,,,,,,,,,,,,,,,,,,PROP,,,,,,,
865,,,,,,,,,,,,,,,,,,,,,,PROP,,,,,,,
866,,,,,,,,,,,,,,,,,,,,,,PROP,,,,,,,
867,,,,,,,,,,,,,,,,,,,,,,PROP,,,,,,,
868,,,,,,,,,,,,,,,,,,,,,,PROP,,,,,,,
869,,,,,,,,,,,,,,,,,,,,,,PROP,,,,,,,
870,,,,,,,,,,,,,,,,,,,,,,PROP,,,,,,,
871,,,,,,,,,,,,,,,,,,,,,,PROP,,,,,,,
872,,,,,,,,,,,,,,,,,,,,,,PROP,,,,,,,
873,,,,,,,,,,,,,,,,,,,,,,PROP,,,,,,,
874,,,,,,,,,,,,,,,,,,,,,,PROP,,,,,,,
875,,,,,,,,,,,,,,,,,,,,,,PROP,,,,,,,
876,,,,,,,,,,,,,,,,,,,,,,PROP,,,,,,,
877,,,,,,,,,,,,,,,,,,,,,,PROP,,,,,,,
878,,,,,,,,,,,,,,,,,,,,,,PROP,,,,,,,
879,,,,,,,,,,,,,,,,,,,,,,PROP,,,,,,,
880,,,,,,,,,,,,,,,,,,,,,,PROP,,,,,,,
881,,,,,,,,,,,,,,,,,,,,,,PROP,,,,,,,
882,,,,,,,,,,,,,,,,,,,,,,PROP,,,,,,,
883,,,,,,,,,,,,,,,,,,,,,,PROP,,,,,,,
884,,,,,,,,,,,,,,,,,,,,,,PROP,,,,,,,
885,,,,,,,,,,,,,,,,,,,,,,PROP,,,,,,,
886,,,,,,,,,,,,,,,,,,,,,,PROP,,,,,,,
887,,,,,,,,,,,,,,,,,,,,,,PROP,,,,,,,
888,,,,,,,,,,,,,,,,,,,,,,PROP,,,,,,,
889,,,,,,,,,,,,,,,,,,,,,,PROP,,,,,,,
890,,,,,,,,,,,,,,,,,,,,,,PROP,,,,,,,
891,,,,,,,,,,,,,,,,,,,,,,PROP,,,,,,,
892,,,,,,,,,,,,,,,,,,,,,,PROP,,,,,,,
893,,,,,,,,,,,,,,,,,,,,,,PROP,,,,,,,
894,,,,,,,,,,,,,,,,,,,,,,PROP,,,,,,,
895,,,,,,,,,,,,,,,,,,,,,,PROP,,,,,,,
896,,,,,,,,,,,,,,,,,,,,,,PROP,,,,,,,
897,,,,,,,,,,,,,,,,,,,,,,PROP,,,,,,,
898,,,,,,,,,,,,,,,,,,,,,,PROP,,,,,,,
899,,,,,,,,,,,,,,,,,,,,,,PROP,,,,,,,
900,,,,,,,,,,,,,,,,,,,,,,PROP,,,,,,,
901,,,,,,,,,,,,,,,,,,,,,,PROP,,,,,,,
902,,,,,,,,,,,,,,,,,,,,,,PROP,,,,,,,
903,,,,,,,,,,,,,,,,,,,,,,PROP,,,,,,,
904,,,,,,,,,,,,,,,,,,,,,,PROP,,,,,,,
905,,,,,,,,,,,,,,,,,,,,,,PROP,,,,,,,
906,,,,,,,,,,,,,,,,,,,,,,PROP,,,,,,,
907,,,,,,,,,,,,,,,,,,,,,,PROP,,,,,,,
908,,,,,,,,,,,,,,,,,,,,,,PROP,,,,,,,
909,,,,,,,,,,,,,,,,,,,,,,PROP,,,,,,,
910,,,,,,,,,,,,,,,,,,,,,,PROP,,,,,,,
911,,,,,,,,,,,,,,,,,,,,,,PROP,,,,,,,
912,,,,,,,,,,,,,,,,,,,,,,PROP,,,,,,,
913,,,,,,,,,,,,,,,,,,,,,,PROP,,,,,,,
914,,,,,,,,,,,,,,,,,,,,,,PROP,,,,,,,
915,,,,,,,,,,,,,,,,,,,,,,PROP,,,,,,,
916,,,,,,,,,,,,,,,,,,,,,,PROP,,,,,,,
917,,,,,,,,,,,,,,,,,,,,,,PROP,,,,,,,
918,,,,,,,,,,,,,,,,,,,,,,PROP,,,,,,,
919,,,,,,,,,,,,,,,,,,,,,,PROP,,,,,,,
920,,,,,,,,,,,,,,,,,,,,,,PROP,,,,,,,
921,,,,,,,,,,,,,,,,,,,,,,PROP,,,,,,,
922,,,,,,,,,,,,,,,,,,,,,,PROP,,,,,,,
923,,,,,,,,,,,,,,,,,,,,,,PROP,,,,,,,
924,,,,,,,,,,,,,,,,,,,,,,PROP,,,,,,,
925,,,,,,,,,,,,,,,,,,,,,,PROP,,,,,,,
926,,,,,,,,,,,,,,,,,,,,,,PROP,,,,,,,
927,,,,,,,,,,,,,,,,,,,,,,PROP,,,,,,,
928,,,,,,,,,,,,,,,,,,,,,,PROP,,,,,,,
929,,,,,,,,,,,,,,,,,,,,,,PROP,,,,,,,
930,,,,,,,,,,,,,,,,,,,,,,PROP,,,,,,,
931,,,,,,,,,,,,,,,,,,,,,,PROP,,,,,,,
932,,,,,,,,,,,,,,,,,,,,,,PROP,,,,,,,
933,,,,,,,,,,,,,,,,,,,,,,PROP,,,,,,,
934,,,,,,,,,,,,,,,,,,,,,,PROP,,,,,,,
935,,,,,,,,,,,,,,,,,,,,,,PROP,,,,,,,
936,,,,,,,,,,,,,,,,,,,,,,PROP,,,,,,,
937,,,,,,,,,,,,,,,,,,,,,,PROP,,,,,,,
938,,,,,,,,,,,,,,,,,,,,,,PROP,,,,,,,
939,,,,,,,,,,,,,,,,,,,,,,PROP,,,,,,,
940,,,,,,,,,,,,,,,,,,,,,,PROP,,,,,,,
941,,,,,,,,,,,,,,,,,,,,,,PROP,,,,,,,
942,,,,,,,,,,,,,,,,,,,,,,PROP,,,,,,,
943,,,,,,,,,,,,,,,,,,,,,,PROP,,,,,,,
944,,,,,,,,,,,,,,,,,,,,,,PROP,,,,,,,
945,,,,,,,,,,,,,,,,,,,,,,PROP,,,,,,,
946,,,,,,,,,,,,,,,,,,,,,,PROP,,,,,,,
947,,,,,,,,,,,,,,,,,,,,,,PROP,,,,,,,
948,,,,,,,,,,,,,,,,,,,,,,PROP,,,,,,,
949,,,,,,,,,,,,,,,,,,,,,,PROP,,,,,,,
950,,,,,,,,,,,,,,,,,,,,,,PROP,,,,,,,
951,,,,,,,,,,,,,,,,,,,,,,PROP,,,,,,,
952,,,,,,,,,,,,,,,,,,,,,,PROP,,,,,,,
953,,,,,,,,,,,,,,,,,,,,,,PROP,,,,,,,
954,,,,,,,,,,,,,,,,,,,,,,PROP,,,,,,,
955,,,,,,,,,,,,,,,,,,,,,,PROP,,,,,,,
956,,,,,,,,,,,,,,,,,,,,,,PROP,,,,,,,
957,,,,,,,,,,,,,,,,,,,,,,PROP,,,,,,,
958,,,,,,,,,,,,,,,,,,,,,,PROP,,,,,,,
959,,,,,,,,,,,,,,,,,,,,,,PROP,,,,,,,
960,,,,,,,,,,,,,,,,,,,,,,PROP,,,,,,,
961,,,,,,,,,,,,,,,,,,,,,,PROP,,,,,,,
962,,,,,,,,,,,,,,,,,,,,,,PROP,,,,,,,
963,,,,,,,,,,,,,,,,,,,,,,PROP,,,,,,,
964,,,,,,,,,,,,,,,,,,,,,,PROP,,,,,,,
965,,,,,,,,,,,,,,,,,,,,,,PROP,,,,,,,
966,,,,,,,,,,,,,,,,,,,,,,PROP,,,,,,,
967,,,,,,,,,,,,,,,,,,,,,,PROP,,,,,,,
968,,,,,,,,,,,,,,,,,,,,,,PROP,,,,,,,
969,,,,,,,,,,,,,,,,,,,,,,PROP,,,,,,,
970,,,,,,,,,,,,,,,,,,,,,,PROP,,,,,,,
971,,,,,,,,,,,,,,,,,,,,,,PROP,,,,,,,
972,,,,,,,,,,,,,,,,,,,,,,PROP,,,,,,,
973,,,,,,,,,,,,,,,,,,,,,,PROP,,,,,,,
974,,,,,,,,,,,,,,,,,,,,,,PROP,,,,,,,
975,,,,,,,,,,,,,,,,,,,,,,PROP,,,,,,,
976,,,,,,,,,,,,,,,,,,,,,,PROP,,,,,,,
977,,,,,,,,,,,,,,,,,,,,,,PROP,,,,,,,
978,,,,,,,,,,,,,,,,,,,,,,PROP,,,,,,,
979,,,,,,,,,,,,,,,,,,,,,,PROP,,,,,,,
980,,,,,,,,,,,,,,,,,,,,,,PROP,,,,,,,
981,,,,,,,,,,,,,,,,,,,,,,PROP,,,,,,,
982,,,,,,,,,,,,,,,,,,,,,,PROP,,,,,,,
983,,,,,,,,,,,,,,,,,,,,,,PROP,,,,,,,
984,,,,,,,,,,,,,,,,,,,,,,PROP,,,,,,,
985,,,,,,,,,,,,,,,,,,,,,,PROP,,,,,,,
986,,,,,,,,,,,,,,,,,,,,,,PROP,,,,,,,
987,,,,,,,,,,,,,,,,,,,,,,PROP,,,,,,,
988,,,,,,,,,,,,,,,,,,,,,,PROP,,,,,,,
989,,,,,,,,,,,,,,,,,,,,,,PROP,,,,,,,
990,,,,,,,,,,,,,,,,,,,,,,PROP,,,,,,,
991,,,,,,,,,,,,,,,,,,,,,,PROP,,,,,,,
992,,,,,,,,,,,,,,,,,,,,,,PROP,,,,,,,
993,,,,,,,,,,,,,,,,,,,,,,PROP,,,,,,,
994,,,,,,,,,,,,,,,,,,,,,,PROP,,,,,,,
995,,,,,,,,,,,,,,,,,,,,,,PROP,,,,,,,
996,,,,,,,,,,,,,,,,,,,,,,PROP,,,,,,,
997,,,,,,,,,,,,,,,,,,,,,,PROP,,,,,,,
998,,,,,,,,,,,,,,,,,,,,,,PROP,,,,,,,
